-- MySQL Administrator dump 1.4
--
-- ------------------------------------------------------
-- Server version	5.5.16


/*!40101 SET @OLD_CHARACTER_SET_CLIENT=@@CHARACTER_SET_CLIENT */;
/*!40101 SET @OLD_CHARACTER_SET_RESULTS=@@CHARACTER_SET_RESULTS */;
/*!40101 SET @OLD_COLLATION_CONNECTION=@@COLLATION_CONNECTION */;
/*!40101 SET NAMES utf8 */;

/*!40014 SET @OLD_UNIQUE_CHECKS=@@UNIQUE_CHECKS, UNIQUE_CHECKS=0 */;
/*!40014 SET @OLD_FOREIGN_KEY_CHECKS=@@FOREIGN_KEY_CHECKS, FOREIGN_KEY_CHECKS=0 */;
/*!40101 SET @OLD_SQL_MODE=@@SQL_MODE, SQL_MODE='NO_AUTO_VALUE_ON_ZERO' */;


--
-- Create schema ruklis3
--

CREATE DATABASE IF NOT EXISTS ruklis3;
USE ruklis3;

--
-- Definition of table `admin`
--

DROP TABLE IF EXISTS `admin`;
CREATE TABLE `admin` (
  `id` int(10) unsigned NOT NULL AUTO_INCREMENT,
  `username` varchar(45) NOT NULL,
  `password` varchar(45) NOT NULL,
  `peran` enum('Admin') NOT NULL DEFAULT 'Admin',
  PRIMARY KEY (`id`)
) ENGINE=InnoDB AUTO_INCREMENT=5 DEFAULT CHARSET=latin1;

--
-- Dumping data for table `admin`
--

/*!40000 ALTER TABLE `admin` DISABLE KEYS */;
INSERT INTO `admin` (`id`,`username`,`password`,`peran`) VALUES 
 (1,'admin','admin','Admin'),
 (3,'admin2','admin2','Admin'),
 (4,'Guntur','guntur','Admin');
/*!40000 ALTER TABLE `admin` ENABLE KEYS */;


--
-- Definition of table `domain`
--

DROP TABLE IF EXISTS `domain`;
CREATE TABLE `domain` (
  `iddomain` int(10) unsigned NOT NULL AUTO_INCREMENT,
  `domain` varchar(45) NOT NULL,
  PRIMARY KEY (`iddomain`)
) ENGINE=InnoDB AUTO_INCREMENT=12 DEFAULT CHARSET=latin1;

--
-- Dumping data for table `domain`
--

/*!40000 ALTER TABLE `domain` DISABLE KEYS */;
INSERT INTO `domain` (`iddomain`,`domain`) VALUES 
 (1,'Bahasa Indonesia'),
 (10,'Matematika'),
 (11,'IPA');
/*!40000 ALTER TABLE `domain` ENABLE KEYS */;


--
-- Definition of table `kelulusan`
--

DROP TABLE IF EXISTS `kelulusan`;
CREATE TABLE `kelulusan` (
  `idkelulusan` int(10) unsigned NOT NULL AUTO_INCREMENT,
  `nama_kelulusan` varchar(45) NOT NULL,
  PRIMARY KEY (`idkelulusan`)
) ENGINE=InnoDB AUTO_INCREMENT=2 DEFAULT CHARSET=latin1;

--
-- Dumping data for table `kelulusan`
--

/*!40000 ALTER TABLE `kelulusan` DISABLE KEYS */;
INSERT INTO `kelulusan` (`idkelulusan`,`nama_kelulusan`) VALUES 
 (1,'Kelulusan UASBN 2010');
/*!40000 ALTER TABLE `kelulusan` ENABLE KEYS */;


--
-- Definition of table `kelulusan_bobot`
--

DROP TABLE IF EXISTS `kelulusan_bobot`;
CREATE TABLE `kelulusan_bobot` (
  `idkelulusan_bobot` int(10) unsigned NOT NULL AUTO_INCREMENT,
  `idkelulusan` int(10) unsigned NOT NULL,
  `idkriteria_kelulusan` int(10) unsigned NOT NULL,
  `bobot` double NOT NULL,
  PRIMARY KEY (`idkelulusan_bobot`),
  KEY `FK_kelulusan_bobot_1` (`idkelulusan`),
  KEY `FK_kelulusan_bobot_2` (`idkriteria_kelulusan`),
  CONSTRAINT `FK_kelulusan_bobot_1` FOREIGN KEY (`idkelulusan`) REFERENCES `kelulusan` (`idkelulusan`) ON DELETE CASCADE ON UPDATE CASCADE,
  CONSTRAINT `FK_kelulusan_bobot_2` FOREIGN KEY (`idkriteria_kelulusan`) REFERENCES `kriteria_kelulusan` (`idkriteria_kelulusan`) ON DELETE CASCADE ON UPDATE CASCADE
) ENGINE=InnoDB AUTO_INCREMENT=16 DEFAULT CHARSET=latin1;

--
-- Dumping data for table `kelulusan_bobot`
--

/*!40000 ALTER TABLE `kelulusan_bobot` DISABLE KEYS */;
INSERT INTO `kelulusan_bobot` (`idkelulusan_bobot`,`idkelulusan`,`idkriteria_kelulusan`,`bobot`) VALUES 
 (11,1,1,40),
 (12,1,2,20),
 (13,1,3,5),
 (14,1,4,30),
 (15,1,5,5);
/*!40000 ALTER TABLE `kelulusan_bobot` ENABLE KEYS */;


--
-- Definition of table `konfigurasi`
--

DROP TABLE IF EXISTS `konfigurasi`;
CREATE TABLE `konfigurasi` (
  `idkonfigurasi` int(10) unsigned NOT NULL AUTO_INCREMENT,
  `kuota` int(10) unsigned NOT NULL,
  `skor_minimum` double NOT NULL,
  PRIMARY KEY (`idkonfigurasi`)
) ENGINE=InnoDB AUTO_INCREMENT=2 DEFAULT CHARSET=latin1;

--
-- Dumping data for table `konfigurasi`
--

/*!40000 ALTER TABLE `konfigurasi` DISABLE KEYS */;
INSERT INTO `konfigurasi` (`idkonfigurasi`,`kuota`,`skor_minimum`) VALUES 
 (1,5,50);
/*!40000 ALTER TABLE `konfigurasi` ENABLE KEYS */;


--
-- Definition of table `kriteria_kelulusan`
--

DROP TABLE IF EXISTS `kriteria_kelulusan`;
CREATE TABLE `kriteria_kelulusan` (
  `idkriteria_kelulusan` int(10) unsigned NOT NULL AUTO_INCREMENT,
  `kriteria_kelulusan` varchar(45) NOT NULL,
  PRIMARY KEY (`idkriteria_kelulusan`)
) ENGINE=InnoDB AUTO_INCREMENT=6 DEFAULT CHARSET=latin1;

--
-- Dumping data for table `kriteria_kelulusan`
--

/*!40000 ALTER TABLE `kriteria_kelulusan` DISABLE KEYS */;
INSERT INTO `kriteria_kelulusan` (`idkriteria_kelulusan`,`kriteria_kelulusan`) VALUES 
 (1,'Nilai Pembobotan'),
 (2,'Ujian Sekolah'),
 (3,'Pengamatan'),
 (4,'Stakeholder'),
 (5,'Lain-Lain');
/*!40000 ALTER TABLE `kriteria_kelulusan` ENABLE KEYS */;


--
-- Definition of table `laporan_kelulusan`
--

DROP TABLE IF EXISTS `laporan_kelulusan`;
CREATE TABLE `laporan_kelulusan` (
  `idlaporan_kelulusan` int(10) unsigned NOT NULL AUTO_INCREMENT,
  `idpeserta_test` int(10) unsigned NOT NULL,
  `nilai_pembobotan` double NOT NULL,
  `nilai_kriteria` double NOT NULL,
  PRIMARY KEY (`idlaporan_kelulusan`)
) ENGINE=InnoDB AUTO_INCREMENT=113 DEFAULT CHARSET=latin1;

--
-- Dumping data for table `laporan_kelulusan`
--

/*!40000 ALTER TABLE `laporan_kelulusan` DISABLE KEYS */;
INSERT INTO `laporan_kelulusan` (`idlaporan_kelulusan`,`idpeserta_test`,`nilai_pembobotan`,`nilai_kriteria`) VALUES 
 (97,1,0,0),
 (98,3,32.42,61.018),
 (99,4,0,0),
 (100,6,0,0),
 (101,7,0,0),
 (102,8,0,0),
 (103,9,0,0),
 (104,10,0,0),
 (105,11,0,0),
 (106,12,0,0),
 (107,13,0,0),
 (108,14,0,0),
 (109,15,23.2675,49.207),
 (110,16,0,0),
 (111,17,0,0),
 (112,18,18.23,38.842);
/*!40000 ALTER TABLE `laporan_kelulusan` ENABLE KEYS */;


--
-- Definition of table `paket_soal`
--

DROP TABLE IF EXISTS `paket_soal`;
CREATE TABLE `paket_soal` (
  `idpaket_soal` int(10) unsigned NOT NULL AUTO_INCREMENT,
  `tanggal` date NOT NULL,
  `keterangan` text NOT NULL,
  `waktu_maksimal` int(10) unsigned NOT NULL,
  PRIMARY KEY (`idpaket_soal`)
) ENGINE=InnoDB AUTO_INCREMENT=2 DEFAULT CHARSET=latin1;

--
-- Dumping data for table `paket_soal`
--

/*!40000 ALTER TABLE `paket_soal` DISABLE KEYS */;
INSERT INTO `paket_soal` (`idpaket_soal`,`tanggal`,`keterangan`,`waktu_maksimal`) VALUES 
 (1,'2011-03-28','Paket Soal Bahasa Indonesia',120);
/*!40000 ALTER TABLE `paket_soal` ENABLE KEYS */;


--
-- Definition of table `paket_soal_detail`
--

DROP TABLE IF EXISTS `paket_soal_detail`;
CREATE TABLE `paket_soal_detail` (
  `idpaket_soal_detail` int(10) unsigned NOT NULL AUTO_INCREMENT,
  `idpaket_soal` int(10) unsigned NOT NULL,
  `idsoal` int(10) unsigned NOT NULL,
  `bobot` int(10) unsigned NOT NULL,
  PRIMARY KEY (`idpaket_soal_detail`),
  UNIQUE KEY `Index_4_unique` (`idpaket_soal`,`idsoal`),
  KEY `FK_paket_soal_detail_2` (`idsoal`),
  CONSTRAINT `FK_paket_soal_detail_1` FOREIGN KEY (`idpaket_soal`) REFERENCES `paket_soal` (`idpaket_soal`) ON DELETE CASCADE ON UPDATE CASCADE,
  CONSTRAINT `FK_paket_soal_detail_2` FOREIGN KEY (`idsoal`) REFERENCES `soal` (`idsoal`) ON DELETE CASCADE ON UPDATE CASCADE
) ENGINE=InnoDB AUTO_INCREMENT=82 DEFAULT CHARSET=latin1;

--
-- Dumping data for table `paket_soal_detail`
--

/*!40000 ALTER TABLE `paket_soal_detail` DISABLE KEYS */;
INSERT INTO `paket_soal_detail` (`idpaket_soal_detail`,`idpaket_soal`,`idsoal`,`bobot`) VALUES 
 (73,1,49,0),
 (74,1,50,12),
 (75,1,51,4),
 (76,1,52,1),
 (77,1,53,2),
 (81,1,9,2);
/*!40000 ALTER TABLE `paket_soal_detail` ENABLE KEYS */;


--
-- Definition of table `paket_soal_jawaban`
--

DROP TABLE IF EXISTS `paket_soal_jawaban`;
CREATE TABLE `paket_soal_jawaban` (
  `idpaket_soal_jawaban` int(10) unsigned NOT NULL AUTO_INCREMENT,
  `idpaket_soal` int(10) unsigned NOT NULL,
  `idsoal` int(10) unsigned NOT NULL,
  `idpeserta_test` int(10) unsigned NOT NULL,
  `jawaban` enum('A','B','C','D') NOT NULL,
  PRIMARY KEY (`idpaket_soal_jawaban`),
  KEY `FK_paket_soal_jawaban_1` (`idpaket_soal`),
  KEY `FK_paket_soal_jawaban_2` (`idsoal`),
  KEY `FK_paket_soal_jawaban_3` (`idpeserta_test`),
  CONSTRAINT `FK_paket_soal_jawaban_1` FOREIGN KEY (`idpaket_soal`) REFERENCES `paket_soal` (`idpaket_soal`) ON DELETE CASCADE ON UPDATE CASCADE,
  CONSTRAINT `FK_paket_soal_jawaban_2` FOREIGN KEY (`idsoal`) REFERENCES `soal` (`idsoal`) ON DELETE CASCADE ON UPDATE CASCADE,
  CONSTRAINT `FK_paket_soal_jawaban_3` FOREIGN KEY (`idpeserta_test`) REFERENCES `peserta_test` (`id`) ON DELETE CASCADE ON UPDATE CASCADE
) ENGINE=InnoDB AUTO_INCREMENT=59 DEFAULT CHARSET=latin1;

--
-- Dumping data for table `paket_soal_jawaban`
--

/*!40000 ALTER TABLE `paket_soal_jawaban` DISABLE KEYS */;
INSERT INTO `paket_soal_jawaban` (`idpaket_soal_jawaban`,`idpaket_soal`,`idsoal`,`idpeserta_test`,`jawaban`) VALUES 
 (51,1,50,1,'A'),
 (52,1,51,1,'A'),
 (53,1,52,1,'A'),
 (54,1,53,1,'A'),
 (56,1,9,1,'B'),
 (58,1,49,1,'A');
/*!40000 ALTER TABLE `paket_soal_jawaban` ENABLE KEYS */;


--
-- Definition of table `paket_soal_tiga_butir`
--

DROP TABLE IF EXISTS `paket_soal_tiga_butir`;
CREATE TABLE `paket_soal_tiga_butir` (
  `idpaket_soal_tiga_butir` int(10) unsigned NOT NULL AUTO_INCREMENT,
  `tanggal` date NOT NULL,
  `keterangan` text NOT NULL,
  `waktu_maksimal` int(10) unsigned NOT NULL,
  PRIMARY KEY (`idpaket_soal_tiga_butir`)
) ENGINE=InnoDB AUTO_INCREMENT=6 DEFAULT CHARSET=latin1;

--
-- Dumping data for table `paket_soal_tiga_butir`
--

/*!40000 ALTER TABLE `paket_soal_tiga_butir` DISABLE KEYS */;
INSERT INTO `paket_soal_tiga_butir` (`idpaket_soal_tiga_butir`,`tanggal`,`keterangan`,`waktu_maksimal`) VALUES 
 (1,'2011-11-19','Bahasa Indonesia dan Matematika',180),
 (2,'2010-12-12','Domain IPA, Mat, dan Bahasa Indo',180),
 (3,'2011-11-12','Matematika dan IPA',180),
 (4,'2011-05-16','Matematika',60),
 (5,'2011-11-20','BI, Mat dan IPA',180);
/*!40000 ALTER TABLE `paket_soal_tiga_butir` ENABLE KEYS */;


--
-- Definition of table `paket_soal_tiga_butir_detail`
--

DROP TABLE IF EXISTS `paket_soal_tiga_butir_detail`;
CREATE TABLE `paket_soal_tiga_butir_detail` (
  `idpaket_soal_tiga_butir_detail` int(10) unsigned NOT NULL AUTO_INCREMENT,
  `idpaket_soal_tiga_butir` int(10) unsigned NOT NULL,
  `idsoal` int(10) unsigned NOT NULL,
  PRIMARY KEY (`idpaket_soal_tiga_butir_detail`),
  UNIQUE KEY `Index_5_unique` (`idpaket_soal_tiga_butir`,`idsoal`),
  KEY `FK_paket_soal_tiga_butir_detail_1` (`idsoal`),
  CONSTRAINT `FK_paket_soal_tiga_butir_detail_1` FOREIGN KEY (`idsoal`) REFERENCES `soal` (`idsoal`) ON DELETE CASCADE ON UPDATE CASCADE,
  CONSTRAINT `FK_paket_soal_tiga_butir_detail_2` FOREIGN KEY (`idpaket_soal_tiga_butir`) REFERENCES `paket_soal_tiga_butir` (`idpaket_soal_tiga_butir`) ON DELETE CASCADE ON UPDATE CASCADE
) ENGINE=InnoDB AUTO_INCREMENT=250 DEFAULT CHARSET=latin1;

--
-- Dumping data for table `paket_soal_tiga_butir_detail`
--

/*!40000 ALTER TABLE `paket_soal_tiga_butir_detail` DISABLE KEYS */;
INSERT INTO `paket_soal_tiga_butir_detail` (`idpaket_soal_tiga_butir_detail`,`idpaket_soal_tiga_butir`,`idsoal`) VALUES 
 (202,1,9),
 (203,1,27),
 (199,1,61),
 (200,1,65),
 (201,1,68),
 (205,1,140),
 (206,1,159),
 (207,1,164),
 (204,1,292),
 (241,2,49),
 (242,2,53),
 (243,2,59),
 (247,2,137),
 (248,2,157),
 (249,2,162),
 (244,2,331),
 (245,2,388),
 (246,2,424),
 (229,3,137),
 (230,3,150),
 (231,3,162),
 (226,3,170),
 (227,3,253),
 (228,3,300),
 (217,4,14),
 (218,4,167),
 (219,4,196),
 (211,5,9),
 (208,5,50),
 (209,5,57),
 (210,5,67),
 (214,5,137),
 (215,5,141),
 (216,5,163),
 (212,5,176),
 (213,5,246);
/*!40000 ALTER TABLE `paket_soal_tiga_butir_detail` ENABLE KEYS */;


--
-- Definition of table `paket_soal_tiga_butir_jawaban`
--

DROP TABLE IF EXISTS `paket_soal_tiga_butir_jawaban`;
CREATE TABLE `paket_soal_tiga_butir_jawaban` (
  `idpaket_soal_tiga_butir_jawaban` int(10) unsigned NOT NULL AUTO_INCREMENT,
  `idpaket_soal_tiga_butir` int(10) unsigned NOT NULL,
  `idsoal` int(10) unsigned NOT NULL,
  `idpeserta_test` int(10) unsigned NOT NULL,
  `jawaban` enum('A','B','C','D') NOT NULL,
  PRIMARY KEY (`idpaket_soal_tiga_butir_jawaban`),
  KEY `FK_paket_soal_tiga_butir_jawaban_1` (`idsoal`),
  KEY `FK_paket_soal_tiga_butir_jawaban_2` (`idpaket_soal_tiga_butir`),
  KEY `FK_paket_soal_tiga_butir_jawaban_3` (`idpeserta_test`),
  CONSTRAINT `FK_paket_soal_tiga_butir_jawaban_1` FOREIGN KEY (`idsoal`) REFERENCES `soal` (`idsoal`) ON DELETE CASCADE ON UPDATE CASCADE,
  CONSTRAINT `FK_paket_soal_tiga_butir_jawaban_2` FOREIGN KEY (`idpaket_soal_tiga_butir`) REFERENCES `paket_soal_tiga_butir` (`idpaket_soal_tiga_butir`) ON DELETE CASCADE ON UPDATE CASCADE,
  CONSTRAINT `FK_paket_soal_tiga_butir_jawaban_3` FOREIGN KEY (`idpeserta_test`) REFERENCES `peserta_test` (`id`) ON DELETE CASCADE ON UPDATE CASCADE
) ENGINE=InnoDB AUTO_INCREMENT=2080 DEFAULT CHARSET=latin1;

--
-- Dumping data for table `paket_soal_tiga_butir_jawaban`
--

/*!40000 ALTER TABLE `paket_soal_tiga_butir_jawaban` DISABLE KEYS */;
INSERT INTO `paket_soal_tiga_butir_jawaban` (`idpaket_soal_tiga_butir_jawaban`,`idpaket_soal_tiga_butir`,`idsoal`,`idpeserta_test`,`jawaban`) VALUES 
 (790,2,50,6,'A'),
 (791,2,49,6,'B'),
 (792,2,53,6,'B'),
 (798,4,17,6,'B'),
 (884,1,65,15,'A'),
 (885,1,61,15,'A'),
 (886,1,68,15,'A'),
 (887,1,9,15,'A'),
 (888,1,27,15,'A'),
 (901,2,294,15,'B'),
 (903,2,301,15,'B'),
 (904,2,162,15,'A'),
 (905,2,137,15,'A'),
 (906,2,157,15,'A'),
 (907,2,50,15,'A'),
 (908,2,49,15,'A'),
 (909,2,53,15,'A'),
 (934,4,167,16,'C'),
 (935,4,14,16,'A'),
 (1063,4,167,21,'A'),
 (1064,4,196,21,'C'),
 (1065,4,14,21,'B'),
 (1069,4,167,22,'C'),
 (1070,4,196,22,'A'),
 (1071,4,14,22,'A'),
 (1090,4,167,25,'C'),
 (1091,4,196,25,'A'),
 (1092,4,14,25,'A'),
 (1204,3,300,22,'A'),
 (1205,3,253,22,'A'),
 (1206,3,170,22,'A'),
 (1207,3,162,22,'A'),
 (1208,3,150,22,'A'),
 (1209,3,137,22,'A'),
 (1522,4,167,27,'C'),
 (1523,4,196,27,'C'),
 (1524,4,14,27,'B'),
 (1528,4,167,28,'C'),
 (1529,4,196,28,'C'),
 (1530,4,14,28,'B'),
 (1534,4,167,30,'C'),
 (1535,4,196,30,'C'),
 (1536,4,14,30,'A'),
 (1537,4,167,18,'C'),
 (1538,4,196,18,'C'),
 (1539,4,14,18,'B'),
 (1546,4,167,32,'C'),
 (1547,4,196,32,'C'),
 (1548,4,14,32,'A'),
 (1549,4,167,33,'C'),
 (1550,4,196,33,'C'),
 (1551,4,14,33,'B'),
 (1552,4,167,34,'C'),
 (1553,4,196,34,'A'),
 (1554,4,14,34,'B'),
 (1555,4,167,35,'C'),
 (1556,4,196,35,'C'),
 (1557,4,14,35,'B'),
 (1558,4,167,36,'C'),
 (1559,4,196,36,'A'),
 (1560,4,14,36,'B'),
 (1564,4,167,37,'C'),
 (1565,4,196,37,'C'),
 (1566,4,14,37,'A'),
 (1567,4,167,55,'C'),
 (1568,4,196,55,'C'),
 (1569,4,14,55,'B'),
 (1570,4,167,38,'C'),
 (1571,4,196,38,'A'),
 (1572,4,14,38,'B'),
 (1573,4,167,39,'C'),
 (1574,4,196,39,'C'),
 (1575,4,14,39,'A'),
 (1579,4,167,41,'C'),
 (1580,4,196,41,'A'),
 (1581,4,14,41,'B'),
 (1582,4,167,42,'C'),
 (1583,4,196,42,'C'),
 (1584,4,14,42,'B'),
 (1588,4,167,44,'C'),
 (1589,4,196,44,'A'),
 (1590,4,14,44,'A'),
 (1597,4,167,47,'C'),
 (1598,4,196,47,'C'),
 (1599,4,14,47,'A'),
 (1600,4,167,49,'C'),
 (1601,4,196,49,'C'),
 (1602,4,14,49,'B'),
 (1609,4,167,52,'C'),
 (1610,4,196,52,'A'),
 (1611,4,14,52,'A'),
 (1615,4,167,56,'C'),
 (1616,4,196,56,'B'),
 (1617,4,14,56,'B'),
 (1624,4,167,58,'C'),
 (1625,4,196,58,'B'),
 (1626,4,14,58,'B'),
 (1630,4,167,60,'C'),
 (1631,4,196,60,'D'),
 (1632,4,14,60,'D'),
 (1633,4,167,61,'C'),
 (1634,4,196,61,'A'),
 (1635,4,14,61,'B'),
 (1636,4,167,62,'C'),
 (1637,4,196,62,'C'),
 (1638,4,14,62,'A'),
 (1639,4,167,63,'C'),
 (1640,4,196,63,'D'),
 (1641,4,14,63,'C'),
 (1642,4,167,64,'C'),
 (1643,4,196,64,'C'),
 (1644,4,14,64,'B'),
 (1645,4,167,65,'C'),
 (1646,4,196,65,'C'),
 (1647,4,14,65,'C'),
 (1654,4,167,68,'C'),
 (1655,4,196,68,'C'),
 (1656,4,14,68,'A'),
 (1660,4,167,70,'C'),
 (1661,4,196,70,'C'),
 (1662,4,14,70,'B'),
 (1666,4,167,71,'C'),
 (1667,4,196,71,'C'),
 (1668,4,14,71,'B'),
 (1669,4,167,53,'C'),
 (1670,4,196,53,'C'),
 (1671,4,14,53,'B'),
 (1672,4,167,73,'C'),
 (1673,4,196,73,'C'),
 (1674,4,14,73,'B'),
 (1675,4,167,74,'C'),
 (1676,4,196,74,'C'),
 (1677,4,14,74,'B'),
 (1681,4,167,76,'C'),
 (1682,4,196,76,'D'),
 (1683,4,14,76,'B'),
 (1687,4,167,78,'C'),
 (1688,4,196,78,'C'),
 (1689,4,14,78,'B'),
 (1690,4,167,79,'C'),
 (1691,4,196,79,'C'),
 (1692,4,14,79,'A'),
 (1693,4,167,80,'C'),
 (1694,4,196,80,'D'),
 (1695,4,14,80,'B'),
 (1696,4,167,81,'C'),
 (1697,4,196,81,'B'),
 (1698,4,14,81,'A'),
 (1699,4,167,82,'B'),
 (1700,4,196,82,'B'),
 (1701,4,14,82,'A'),
 (1702,4,167,83,'B'),
 (1703,4,196,83,'B'),
 (1704,4,14,83,'D'),
 (1705,4,167,84,'C'),
 (1706,4,196,84,'C'),
 (1707,4,14,84,'B'),
 (1708,4,167,87,'C'),
 (1709,4,196,87,'C'),
 (1710,4,14,87,'C'),
 (1711,4,167,116,'C'),
 (1712,4,196,116,'D'),
 (1713,4,14,116,'B'),
 (1729,4,167,90,'C'),
 (1730,4,196,90,'A'),
 (1731,4,14,90,'B'),
 (1735,4,167,91,'C'),
 (1736,4,196,91,'C'),
 (1737,4,14,91,'B'),
 (1741,4,167,92,'C'),
 (1742,4,196,92,'D'),
 (1743,4,14,92,'B'),
 (1744,4,167,93,'C'),
 (1745,4,196,93,'C'),
 (1746,4,14,93,'B'),
 (1750,4,167,94,'C'),
 (1751,4,196,94,'C'),
 (1752,4,14,94,'B'),
 (1753,4,167,95,'C'),
 (1754,4,196,95,'C'),
 (1755,4,14,95,'B'),
 (1756,4,167,96,'C'),
 (1757,4,196,96,'D'),
 (1758,4,14,96,'B'),
 (1759,4,167,97,'C'),
 (1760,4,196,97,'C'),
 (1761,4,14,97,'B'),
 (1762,4,167,99,'C'),
 (1763,4,196,99,'A'),
 (1764,4,14,99,'B'),
 (1768,4,167,100,'C'),
 (1769,4,196,100,'C'),
 (1770,4,14,100,'D'),
 (1774,4,167,101,'D'),
 (1775,4,196,101,'A'),
 (1776,4,14,101,'A'),
 (1777,4,167,102,'C'),
 (1778,4,196,102,'C'),
 (1779,4,14,102,'A'),
 (1780,4,167,103,'C'),
 (1781,4,196,103,'D'),
 (1782,4,14,103,'B'),
 (1783,4,167,104,'C'),
 (1784,4,196,104,'C'),
 (1785,4,14,104,'B'),
 (1792,4,167,105,'C'),
 (1793,4,196,105,'C'),
 (1794,4,14,105,'C'),
 (1795,4,167,106,'C'),
 (1796,4,196,106,'D'),
 (1797,4,14,106,'C'),
 (1798,4,167,107,'C'),
 (1799,4,196,107,'C'),
 (1800,4,14,107,'B'),
 (1801,4,167,108,'C'),
 (1802,4,196,108,'B'),
 (1803,4,14,108,'B'),
 (1807,4,167,109,'C'),
 (1808,4,196,109,'B'),
 (1809,4,14,109,'B'),
 (1813,4,167,110,'C'),
 (1814,4,196,110,'A'),
 (1815,4,14,110,'B'),
 (1822,4,167,111,'C'),
 (1823,4,196,111,'C'),
 (1824,4,14,111,'B'),
 (1825,4,167,112,'C'),
 (1826,4,196,112,'C'),
 (1827,4,14,112,'C'),
 (1831,4,167,113,'C'),
 (1832,4,196,113,'A'),
 (1833,4,14,113,'A'),
 (1840,4,167,115,'C'),
 (1841,4,196,115,'C'),
 (1842,4,14,115,'B'),
 (1861,4,167,29,'C'),
 (1862,4,196,29,'C'),
 (1863,4,14,29,'B'),
 (1864,4,167,31,'C'),
 (1865,4,196,31,'C'),
 (1866,4,14,31,'B'),
 (1867,4,167,40,'C'),
 (1868,4,196,40,'A'),
 (1869,4,14,40,'B'),
 (1873,4,167,43,'C'),
 (1874,4,196,43,'C'),
 (1875,4,14,43,'A'),
 (1876,4,167,51,'C'),
 (1877,4,196,51,'D'),
 (1878,4,14,51,'B'),
 (1888,4,167,77,'C'),
 (1889,4,196,77,'C'),
 (1890,4,14,77,'B'),
 (1891,4,167,69,'C'),
 (1892,4,196,69,'C'),
 (1893,4,14,69,'A'),
 (1894,4,167,67,'C'),
 (1895,4,196,67,'D'),
 (1896,4,14,67,'B'),
 (1900,4,167,59,'C'),
 (1901,4,196,59,'C'),
 (1902,4,14,59,'B'),
 (1906,4,167,88,'C'),
 (1907,4,196,88,'C'),
 (1908,4,14,88,'B'),
 (1915,4,167,114,'C'),
 (1916,4,196,114,'D'),
 (1917,4,14,114,'A'),
 (1921,4,167,45,'C'),
 (1922,4,196,45,'B'),
 (1923,4,14,45,'A'),
 (1924,4,167,98,'C'),
 (1925,4,196,98,'D'),
 (1926,4,14,98,'B'),
 (1930,4,167,46,'C'),
 (1931,4,196,46,'C'),
 (1932,4,14,46,'A'),
 (1933,4,167,54,'C'),
 (1934,4,196,54,'A'),
 (1935,4,14,54,'A'),
 (1936,4,167,66,'C'),
 (1937,4,196,66,'C'),
 (1938,4,14,66,'A'),
 (1942,4,167,89,'A'),
 (1943,4,196,89,'A'),
 (1944,4,14,89,'A'),
 (1945,3,300,3,'A'),
 (1946,3,253,3,'A'),
 (1947,3,170,3,'A'),
 (1948,3,162,3,'A'),
 (1949,3,150,3,'A'),
 (1950,3,137,3,'A'),
 (1954,4,167,117,'A'),
 (1955,4,196,117,'A'),
 (1956,4,14,117,'A'),
 (1966,2,50,23,'C'),
 (1967,2,49,23,'B'),
 (1968,2,53,23,'A'),
 (1969,2,388,23,'A'),
 (1970,2,424,23,'B'),
 (1971,2,331,23,'A'),
 (1972,2,162,23,'A'),
 (1973,2,137,23,'C'),
 (1974,2,157,23,'A'),
 (1978,2,50,12,'A'),
 (1979,2,49,12,'B'),
 (1980,2,53,12,'A'),
 (1981,2,388,12,'A'),
 (1982,2,424,12,'A'),
 (1983,2,331,12,'A'),
 (1984,2,162,12,'B'),
 (1985,2,137,12,'A'),
 (1986,2,157,12,'A'),
 (1987,2,50,24,'A'),
 (1988,2,49,24,'B'),
 (1989,2,53,24,'A'),
 (1990,2,388,24,'A'),
 (1991,2,424,24,'A'),
 (1992,2,331,24,'A'),
 (1993,2,162,24,'A'),
 (1994,2,137,24,'C'),
 (1995,2,157,24,'A'),
 (1999,2,49,7,'B'),
 (2000,2,53,7,'C'),
 (2001,2,59,7,'B'),
 (2002,2,388,7,'A'),
 (2003,2,424,7,'A'),
 (2004,2,331,7,'B'),
 (2005,2,162,7,'A'),
 (2006,2,137,7,'A'),
 (2007,2,157,7,'A'),
 (2017,2,49,8,'C'),
 (2018,2,53,8,'C'),
 (2019,2,59,8,'B'),
 (2020,2,388,8,'B'),
 (2021,2,424,8,'B'),
 (2022,2,331,8,'C'),
 (2023,2,162,8,'A'),
 (2024,2,137,8,'B'),
 (2025,2,157,8,'B'),
 (2026,2,49,11,'D'),
 (2027,2,53,11,'B'),
 (2028,2,59,11,'A'),
 (2029,2,388,11,'B'),
 (2030,2,424,11,'A'),
 (2031,2,331,11,'C'),
 (2032,2,162,11,'A'),
 (2033,2,137,11,'A'),
 (2034,2,157,11,'A'),
 (2068,2,49,10,'A'),
 (2069,2,53,10,'A'),
 (2070,2,59,10,'A'),
 (2071,2,388,10,'A'),
 (2072,2,424,10,'A'),
 (2073,2,331,10,'A'),
 (2074,2,162,10,'A'),
 (2075,2,137,10,'A'),
 (2076,2,157,10,'A'),
 (2077,4,167,17,'C'),
 (2078,4,196,17,'A'),
 (2079,4,14,17,'B');
/*!40000 ALTER TABLE `paket_soal_tiga_butir_jawaban` ENABLE KEYS */;


--
-- Definition of table `pembobotan`
--

DROP TABLE IF EXISTS `pembobotan`;
CREATE TABLE `pembobotan` (
  `idpembobotan` int(10) unsigned NOT NULL AUTO_INCREMENT,
  `nama_pembobotan` varchar(45) NOT NULL,
  PRIMARY KEY (`idpembobotan`)
) ENGINE=InnoDB AUTO_INCREMENT=2 DEFAULT CHARSET=latin1;

--
-- Dumping data for table `pembobotan`
--

/*!40000 ALTER TABLE `pembobotan` DISABLE KEYS */;
INSERT INTO `pembobotan` (`idpembobotan`,`nama_pembobotan`) VALUES 
 (1,'Pembobotan UASBN 2011');
/*!40000 ALTER TABLE `pembobotan` ENABLE KEYS */;


--
-- Definition of table `pembobotan_domain`
--

DROP TABLE IF EXISTS `pembobotan_domain`;
CREATE TABLE `pembobotan_domain` (
  `idpembobotan_domain` int(10) unsigned NOT NULL AUTO_INCREMENT,
  `iddomain` int(10) unsigned NOT NULL,
  `bobot` double NOT NULL,
  PRIMARY KEY (`idpembobotan_domain`),
  KEY `FK_pembobotan_domain_2` (`iddomain`),
  CONSTRAINT `FK_pembobotan_domain_2` FOREIGN KEY (`iddomain`) REFERENCES `domain` (`iddomain`) ON DELETE CASCADE ON UPDATE CASCADE
) ENGINE=InnoDB AUTO_INCREMENT=51 DEFAULT CHARSET=latin1;

--
-- Dumping data for table `pembobotan_domain`
--

/*!40000 ALTER TABLE `pembobotan_domain` DISABLE KEYS */;
INSERT INTO `pembobotan_domain` (`idpembobotan_domain`,`iddomain`,`bobot`) VALUES 
 (48,1,0),
 (49,11,0),
 (50,10,100);
/*!40000 ALTER TABLE `pembobotan_domain` ENABLE KEYS */;


--
-- Definition of table `pembobotan_skl`
--

DROP TABLE IF EXISTS `pembobotan_skl`;
CREATE TABLE `pembobotan_skl` (
  `idpembobotan_skl` int(10) unsigned NOT NULL AUTO_INCREMENT,
  `idskl` int(10) unsigned NOT NULL,
  `bobot` float NOT NULL,
  PRIMARY KEY (`idpembobotan_skl`),
  KEY `FK_pembobotan_skl_1` (`idskl`),
  CONSTRAINT `FK_pembobotan_skl_1` FOREIGN KEY (`idskl`) REFERENCES `skl` (`idskl`) ON DELETE CASCADE ON UPDATE CASCADE
) ENGINE=InnoDB AUTO_INCREMENT=193 DEFAULT CHARSET=latin1;

--
-- Dumping data for table `pembobotan_skl`
--

/*!40000 ALTER TABLE `pembobotan_skl` DISABLE KEYS */;
INSERT INTO `pembobotan_skl` (`idpembobotan_skl`,`idskl`,`bobot`) VALUES 
 (183,1,0),
 (184,12,0),
 (185,5,0),
 (186,6,0),
 (187,15,0),
 (188,16,0),
 (189,7,10),
 (190,8,0),
 (191,9,50),
 (192,11,10);
/*!40000 ALTER TABLE `pembobotan_skl` ENABLE KEYS */;


--
-- Definition of table `pengajar`
--

DROP TABLE IF EXISTS `pengajar`;
CREATE TABLE `pengajar` (
  `id` int(10) unsigned NOT NULL AUTO_INCREMENT,
  `username` varchar(45) NOT NULL,
  `password` varchar(45) NOT NULL,
  `peran` enum('Pengajar') NOT NULL DEFAULT 'Pengajar',
  PRIMARY KEY (`id`)
) ENGINE=InnoDB AUTO_INCREMENT=8 DEFAULT CHARSET=latin1;

--
-- Dumping data for table `pengajar`
--

/*!40000 ALTER TABLE `pengajar` DISABLE KEYS */;
INSERT INTO `pengajar` (`id`,`username`,`password`,`peran`) VALUES 
 (1,'pengajar','pengajar','Pengajar'),
 (2,'Hj. St. Faridah, S.Pd','faridah','Pengajar'),
 (3,'Badariah, S.Pd','badariah','Pengajar'),
 (4,'St. Rabiah, S.Pd','rabiah','Pengajar'),
 (5,'Hj. NURMIATI, S.Pd','nurmiati','Pengajar'),
 (6,'Hj. NAHRIANA , S.Pd','nahriana','Pengajar'),
 (7,'ANDI HAIRUDDIN, S.Pd','hairuddin','Pengajar');
/*!40000 ALTER TABLE `pengajar` ENABLE KEYS */;


--
-- Definition of table `penilaian`
--

DROP TABLE IF EXISTS `penilaian`;
CREATE TABLE `penilaian` (
  `idpenilaian` int(10) unsigned NOT NULL AUTO_INCREMENT,
  `nama_penilaian` varchar(50) NOT NULL,
  `bobot` float NOT NULL,
  PRIMARY KEY (`idpenilaian`)
) ENGINE=InnoDB AUTO_INCREMENT=5 DEFAULT CHARSET=latin1;

--
-- Dumping data for table `penilaian`
--

/*!40000 ALTER TABLE `penilaian` DISABLE KEYS */;
INSERT INTO `penilaian` (`idpenilaian`,`nama_penilaian`,`bobot`) VALUES 
 (1,'Nilai Pembobotan Domain',50),
 (2,'Ujian Sekolah',25),
 (3,'Pengamatan',15),
 (4,'Dan lain - lain',10);
/*!40000 ALTER TABLE `penilaian` ENABLE KEYS */;


--
-- Definition of table `penilaian_peserta`
--

DROP TABLE IF EXISTS `penilaian_peserta`;
CREATE TABLE `penilaian_peserta` (
  `idpenilaian_peserta` int(10) unsigned NOT NULL AUTO_INCREMENT,
  `idpenilaian` int(10) unsigned NOT NULL,
  `nilai` double NOT NULL,
  `idpeserta_test` int(10) unsigned NOT NULL,
  PRIMARY KEY (`idpenilaian_peserta`),
  UNIQUE KEY `Index_4_uniz` (`idpenilaian`,`idpeserta_test`),
  KEY `FK_penilaian_peserta_2` (`idpeserta_test`),
  CONSTRAINT `FK_penilaian_peserta_1` FOREIGN KEY (`idpenilaian`) REFERENCES `penilaian` (`idpenilaian`) ON DELETE CASCADE ON UPDATE CASCADE,
  CONSTRAINT `FK_penilaian_peserta_2` FOREIGN KEY (`idpeserta_test`) REFERENCES `peserta_test` (`id`) ON DELETE CASCADE ON UPDATE CASCADE
) ENGINE=InnoDB AUTO_INCREMENT=51 DEFAULT CHARSET=latin1;

--
-- Dumping data for table `penilaian_peserta`
--

/*!40000 ALTER TABLE `penilaian_peserta` DISABLE KEYS */;
INSERT INTO `penilaian_peserta` (`idpenilaian_peserta`,`idpenilaian`,`nilai`,`idpeserta_test`) VALUES 
 (1,2,10,23),
 (2,3,20,23),
 (3,4,80,23),
 (4,2,80,7),
 (5,3,70,7),
 (6,4,60,7),
 (16,2,70,8),
 (17,3,89,8),
 (18,4,46,8),
 (19,2,59,11),
 (20,3,80,11),
 (21,4,67,11),
 (22,2,88,10),
 (23,3,58,10),
 (24,4,86,10),
 (27,1,146.04875,23),
 (28,1,217.38375,8),
 (30,1,75.9075,10),
 (31,1,0,11),
 (32,1,96.17,7),
 (33,2,23,52),
 (34,3,0,52),
 (35,4,0,52),
 (36,2,100,12),
 (37,3,100,12),
 (38,4,100,12),
 (39,1,75.9075,12),
 (40,2,0,24),
 (41,3,0,24),
 (42,4,0,24),
 (43,1,101.0625,24),
 (47,2,100,9),
 (48,3,80,9),
 (49,4,120,9),
 (50,1,75.9075,9);
/*!40000 ALTER TABLE `penilaian_peserta` ENABLE KEYS */;


--
-- Definition of table `peserta_test`
--

DROP TABLE IF EXISTS `peserta_test`;
CREATE TABLE `peserta_test` (
  `id` int(10) unsigned NOT NULL AUTO_INCREMENT,
  `username` varchar(45) NOT NULL,
  `password` varchar(45) NOT NULL,
  `peran` enum('Peserta Test') NOT NULL,
  `nomor_peserta` varchar(45) NOT NULL,
  `metode` enum('Tidak Ada','Fumahilow','Fusuhilow','Futsuhilow') NOT NULL,
  `model_logistik` enum('Tidak Ada','1PL','2PL','3PL','Rasch') NOT NULL,
  `penyajian_soal` enum('Acak','Proporsional','Tetap') NOT NULL,
  `inisialisasi_kemampuan` enum('Theta=0','Tiga Butir','Tidak Ada') NOT NULL,
  `nama_lengkap` varchar(45) NOT NULL,
  `asal` varchar(45) NOT NULL,
  `tempat_lahir` varchar(45) NOT NULL,
  `tanggal_lahir` date NOT NULL,
  `jenis_kelamin` enum('Pria','Wanita') NOT NULL,
  `foto` varchar(45) DEFAULT NULL,
  `idpaket_soal` int(10) unsigned DEFAULT NULL,
  `skor_akhir` double DEFAULT NULL,
  `idpaket_soal_tiga_butir` int(10) unsigned DEFAULT NULL,
  `tingkat_kesukaran` enum('Sangat Tinggi','Tinggi','Sedang','Rendah','Sangat Rendah') DEFAULT NULL,
  `verified` tinyint(1) NOT NULL DEFAULT '0',
  `skor_domain` double NOT NULL,
  PRIMARY KEY (`id`),
  KEY `FK_peserta_test_1` (`idpaket_soal`),
  KEY `FK_peserta_test_2` (`idpaket_soal_tiga_butir`),
  CONSTRAINT `FK_peserta_test_1` FOREIGN KEY (`idpaket_soal`) REFERENCES `paket_soal` (`idpaket_soal`) ON DELETE CASCADE ON UPDATE CASCADE,
  CONSTRAINT `FK_peserta_test_2` FOREIGN KEY (`idpaket_soal_tiga_butir`) REFERENCES `paket_soal_tiga_butir` (`idpaket_soal_tiga_butir`) ON DELETE SET NULL ON UPDATE SET NULL
) ENGINE=InnoDB AUTO_INCREMENT=118 DEFAULT CHARSET=latin1;

--
-- Dumping data for table `peserta_test`
--

/*!40000 ALTER TABLE `peserta_test` DISABLE KEYS */;
INSERT INTO `peserta_test` (`id`,`username`,`password`,`peran`,`nomor_peserta`,`metode`,`model_logistik`,`penyajian_soal`,`inisialisasi_kemampuan`,`nama_lengkap`,`asal`,`tempat_lahir`,`tanggal_lahir`,`jenis_kelamin`,`foto`,`idpaket_soal`,`skor_akhir`,`idpaket_soal_tiga_butir`,`tingkat_kesukaran`,`verified`,`skor_domain`) VALUES 
 (1,'eko','eko','Peserta Test','20101010','Tidak Ada','Tidak Ada','Tetap','Tidak Ada','Eko Suprapto Wibowo','SDN 2 Tamanan','Denpasar','1979-06-27','Pria','19022011(005).jpg',1,17,NULL,'Sangat Tinggi',0,0),
 (3,'joko','joko','Peserta Test','0213101104_002','Futsuhilow','Rasch','Proporsional','Tiga Butir','Mr Joko','SD 1 Semarang','Bulak','1975-02-22','Pria','DSC_0517.JPG',NULL,0,3,'Rendah',1,0),
 (5,'99','99','Peserta Test','99','Tidak Ada','Tidak Ada','Acak','Tidak Ada','99','99','99','2003-01-01','Pria',NULL,NULL,NULL,NULL,NULL,0,0),
 (6,'rukli_OK','rukli','Peserta Test','680302-01010102-001','Futsuhilow','Rasch','Acak','Tiga Butir','rukli','SD 1 Lamappoloware','Lajoa','1968-03-02','Pria',NULL,NULL,NULL,4,'Sangat Rendah',0,0),
 (7,'ulhaq','ulhaq','Peserta Test','ulhaq','Futsuhilow','Rasch','Proporsional','Tiga Butir','Muh. Dliyaul Haq','Bandung','Makassar','2002-01-01','Pria',NULL,NULL,84.585,2,'Rendah',1,96.17),
 (8,'ila','ila','Peserta Test','0203010902-019','Futsuhilow','Rasch','Proporsional','Tiga Butir','Ilahiyah Ina','SD 175 Jennae','Cacaleppeng','2001-01-03','Wanita',NULL,NULL,144.141875,2,'Tinggi',1,217.38375),
 (9,'ati','ati','Peserta Test','2010103201-086','Futsuhilow','Rasch','Proporsional','Tiga Butir','Ati Dwi Septawati','Bandung','Bandung','1968-09-15','Wanita','Fotoku.JPG',NULL,86.95375,2,'Rendah',1,75.9075),
 (10,'adli','adli','Peserta Test','adli','Futsuhilow','Rasch','Proporsional','Tiga Butir','Moh. Adli Akbar','Makassar','Makassar','1996-04-06','Pria',NULL,NULL,77.25375,2,'Rendah',1,75.9075),
 (11,'habibi','habibi','Peserta Test','habibi','Futsuhilow','Rasch','Proporsional','Tiga Butir','Moh. Habibi Akbar','SD Makassar','Makassar','2000-03-01','Pria',NULL,NULL,33.45,2,'Rendah',1,0),
 (12,'arham','arham','Peserta Test','010914-10191716-012','Futsuhilow','Rasch','Proporsional','Tiga Butir','Arham','SD 175 Jennae','Cacaleppeng','2001-09-14','Pria',NULL,NULL,87.95375,2,'Sangat Rendah',1,75.9075),
 (13,'adnan','adnan','Peserta Test','010914-10191716-012','Fumahilow','Rasch','Proporsional','Tiga Butir','Adnan','Lajoa','Lajoa','2001-09-14','Pria',NULL,NULL,NULL,NULL,NULL,0,0),
 (15,'budi','budi','Peserta Test','020901-10111213-002','Futsuhilow','Rasch','Proporsional','Tiga Butir','Budianto','Yogya','Yogya','2002-09-01','Pria',NULL,NULL,NULL,2,'Tinggi',0,0),
 (16,'tini','tini','Peserta Test','000010_1010101010_100','Futsuhilow','Rasch','Proporsional','Tiga Butir','Tiniwati','SD 1 Lamappoloware','Soppeng','2010-10-10','Wanita',NULL,NULL,NULL,4,'Tinggi',0,0),
 (17,'khaerul','khaerul','Peserta Test','10100101001_003','Futsuhilow','Rasch','Proporsional','Tiga Butir','Khaerul Ahmad Rasyid','SDN 1 Lamappoloware','Watangsoppeng','2000-11-02','Pria',NULL,NULL,NULL,4,'Tinggi',1,0),
 (18,'wawan','wawan','Peserta Test','10100101001_015','Futsuhilow','Rasch','Proporsional','Tiga Butir','A. Wawan Kurniawan','SDN 1 Lamappoloware','Soppeng','2000-10-15','Pria',NULL,NULL,NULL,4,'Sangat Tinggi',1,0),
 (21,'ini','ini','Peserta Test','001','Futsuhilow','Rasch','Proporsional','Tiga Butir','Inilah','aas','aass','0200-10-11','Pria',NULL,NULL,NULL,4,'Tinggi',1,0),
 (22,'dawi','dawi','Peserta Test','0203030402_021','Futsuhilow','Rasch','Proporsional','Tiga Butir','Ambo Dawi','SD 1 Cacaleppeng','Cacaleppeng','2001-12-12','Pria',NULL,NULL,NULL,3,'Rendah',1,0),
 (23,'ibu','ibu','Peserta Test','0203010401_028','Futsuhilow','Rasch','Proporsional','Tiga Butir','Indo Sanang','SD 85 Cacaleppeng','Cacaleppeng','2001-10-10','Wanita',NULL,NULL,86.524375,2,'Sedang',1,146.04875),
 (24,'test','test','Peserta Test','0123','Futsuhilow','Rasch','Proporsional','Tiga Butir','r','t','sss','2010-11-10','Pria',NULL,NULL,50.53125,2,'Sedang',1,101.0625),
 (25,'item','item','Peserta Test','210','Futsuhilow','Rasch','Proporsional','Tiga Butir','ssaaa','dsds','ssss','2010-10-12','Pria',NULL,NULL,NULL,4,'Rendah',1,0),
 (26,'indo','indo','Peserta Test','004','Futsuhilow','Rasch','Proporsional','Tiga Butir','ssss','sss','ssss','2001-10-10','Wanita',NULL,NULL,NULL,NULL,'Sangat Tinggi',1,0),
 (27,'simu','simu','Peserta Test','001','Futsuhilow','Rasch','Proporsional','Tiga Butir','simuaja','a','a','1997-01-02','Pria',NULL,NULL,NULL,4,'Sangat Tinggi',1,0),
 (28,'kamel','kamel','Peserta Test','10100101001_006','Futsuhilow','Rasch','Proporsional','Tiga Butir','Kamel A Islahuddin','SDN 1 Lamappoloware','Jarae, Soppeng','2000-12-12','Pria',NULL,NULL,NULL,4,'Sangat Tinggi',1,0),
 (29,'yuyun','yuyun','Peserta Test','10100101001_009','Futsuhilow','Rasch','Proporsional','Tiga Butir','Yuyun Haminuyun','SDN 1 Lamappoloware','Welonge, Soppeng','2000-02-12','Wanita',NULL,NULL,NULL,4,'Sangat Tinggi',1,0),
 (30,'amriani','amriani','Peserta Test','10100101001_012','Futsuhilow','Rasch','Proporsional','Tiga Butir','Amriani Anwar','SDN 1 Lamappoloware','Soppeng','2000-01-02','Wanita',NULL,NULL,NULL,4,'Sedang',1,0),
 (31,'nur','nur','Peserta Test','10100101001_018','Futsuhilow','Rasch','Proporsional','Tiga Butir','Nur Indah','SDN 1 Lamappoloware','Soppeng','2000-03-07','Wanita',NULL,NULL,NULL,4,'Sangat Tinggi',1,0),
 (32,'fia','fia','Peserta Test','10100101001_024','Futsuhilow','Rasch','Proporsional','Tiga Butir','Fia Magfirah','SDN 1 Lamappoloware','Botto','2001-02-05','Wanita',NULL,NULL,NULL,4,'Sedang',1,0),
 (33,'windi','windi','Peserta Test','10100101001_027','Futsuhilow','Rasch','Proporsional','Tiga Butir','Windi Cahyana','SDN 1 Lamappoloware','Soppeng','2001-02-08','Wanita',NULL,NULL,NULL,4,'Sangat Tinggi',1,0),
 (34,'yuli','yuli','Peserta Test','10100101001_030','Futsuhilow','Rasch','Proporsional','Tiga Butir','A. Sabillah','SDN 1 Lamappoloware','Soppeng','2002-10-12','Wanita',NULL,NULL,NULL,4,'Tinggi',1,0),
 (35,'maguira','maguira','Peserta Test','10100101001_033','Futsuhilow','Rasch','Proporsional','Tiga Butir','Maguira Nur Amalia','SDN 1 Lamappoloware','Soppeng','2001-12-13','Wanita',NULL,NULL,NULL,4,'Sangat Tinggi',1,0),
 (36,'achmad','achmad','Peserta Test','10100101001_036','Futsuhilow','Rasch','Proporsional','Tiga Butir','Achmad Fuad','SDN 1 Lamappoloware','Makassar','2000-12-29','Pria',NULL,NULL,NULL,4,'Tinggi',1,0),
 (37,'aidil','aidil','Peserta Test','10100101001_042','Futsuhilow','Rasch','Proporsional','Tiga Butir','A. Muh. Aidil Rezky','SDN 1 Lamappoloware','Soppeng','2001-12-30','Pria',NULL,NULL,NULL,4,'Sedang',1,0),
 (38,'tafdila','tafdila','Peserta Test','10100101001_045','Futsuhilow','Rasch','Proporsional','Tiga Butir','Tafdilla Iliriza','SDN 1 Lamappoloware','Makassar','2000-12-07','Wanita',NULL,NULL,NULL,4,'Tinggi',1,0),
 (39,'dzikra','dzikra','Peserta Test','10100101001_048','Futsuhilow','Rasch','Proporsional','Tiga Butir','Dzikra Maulidya Wati','SDN 1 Lamappoloware','Soppeng','2001-12-09','Pria',NULL,NULL,NULL,4,'Sedang',1,0),
 (40,'richla','richla','Peserta Test','10100101001_051','Futsuhilow','Rasch','Proporsional','Tiga Butir','Richla Majding','SDN 1 Lamappoloware','Soppeng','2002-11-19','Wanita',NULL,NULL,NULL,4,'Tinggi',1,0),
 (41,'alwi','alwi','Peserta Test','10100101001_054','Futsuhilow','Rasch','Proporsional','Tiga Butir','Muh. Alwi Nasir','SDN 1 Lamappoloware','Watansoppeng','2001-01-01','Pria',NULL,NULL,NULL,4,'Tinggi',1,0),
 (42,'rosa','rosa','Peserta Test','10100101001_057','Futsuhilow','Rasch','Proporsional','Tiga Butir','Rosa Elura Juwita','SDN 1 Lamappoloware','Soppeng','2001-05-09','Wanita',NULL,NULL,NULL,4,'Sangat Tinggi',1,0),
 (43,'nida','nida','Peserta Test','10100101001_060','Futsuhilow','Rasch','Proporsional','Tiga Butir','Nida Al-Khairy Nurfan','SDN 1 Lamappoloware','Soppeng','2002-01-09','Wanita',NULL,NULL,NULL,4,'Sedang',1,0),
 (44,'aditya','aditya','Peserta Test','10100101001_063','Futsuhilow','Rasch','Proporsional','Tiga Butir','Aditya Putra Hidayatul Utama','SDN 1 Lamappoloware','Salotungo','2001-03-27','Pria',NULL,NULL,NULL,4,'Rendah',1,0),
 (45,'sari','sari','Peserta Test','10100101001_066','Futsuhilow','Rasch','Proporsional','Tiga Butir','Sari Batari Astagina','SDN 1 Lamappoloware','Soppeng','2000-12-23','Wanita',NULL,NULL,NULL,4,'Rendah',1,0),
 (46,'yuni','yuni','Peserta Test','10100101001_069','Futsuhilow','Rasch','Proporsional','Tiga Butir','A. Yuni Batariolo','SDN 1 Lamappoloware','Soppeng','2001-11-11','Wanita','Foto1.JPG',NULL,NULL,4,'Sedang',1,0),
 (47,'raodha','raodha','Peserta Test','10100101002_003','Futsuhilow','Rasch','Proporsional','Tiga Butir','Raodha Haritya','SDN 161 Karya','Cabenge','2001-04-18','Wanita',NULL,NULL,NULL,4,'Sedang',1,0),
 (48,'feby','feby','Peserta Test','10100101002_006','Futsuhilow','Rasch','Proporsional','Tiga Butir','Feby Chintia','SDN 161 Karya','Makassar','2001-03-13','Wanita',NULL,NULL,NULL,4,'Sangat Tinggi',1,0),
 (49,'mufuha','mufuha','Peserta Test','10100101002_009','Futsuhilow','Rasch','Proporsional','Tiga Butir','Mufuha Hajiyah','SDN 161 Karya','Soppeng','2001-09-23','Wanita',NULL,NULL,NULL,4,'Sangat Tinggi',1,0),
 (50,'aidin','aidin','Peserta Test','10100101002_012','Futsuhilow','Rasch','Proporsional','Tiga Butir','Aidin','SDN 161 Karya','Soppeng','2001-12-07','Pria',NULL,NULL,NULL,4,'Sedang',1,0),
 (51,'lutfiah','lutfiah','Peserta Test','10100101002_015','Futsuhilow','Rasch','Proporsional','Tiga Butir','Lutfiah Sas Mita Sari','SDN 161 Karya','Talepu','2001-03-06','Wanita',NULL,NULL,NULL,4,'Tinggi',1,0),
 (52,'ridha','ridha','Peserta Test','10100101002_018','Futsuhilow','Rasch','Proporsional','Tiga Butir','A. Achmad Ridha','SDN 161 Karya','Soppeng','2000-03-06','Pria',NULL,NULL,NULL,4,'Rendah',1,0),
 (53,'ayu','ayu','Peserta Test','10100101002_021','Futsuhilow','Rasch','Proporsional','Tiga Butir','Putri Ayu','SDN 161 Karya','Paroto','2001-07-05','Wanita',NULL,NULL,NULL,4,'Sangat Tinggi',1,0),
 (54,'dhia','dhia','Peserta Test','10100101001_021','Futsuhilow','Rasch','Proporsional','Tiga Butir','Dhia Fadhilah','SDN 1 Lamappoloware','Soppeng','2001-05-17','Wanita','Foto1.JPG',NULL,NULL,4,'Rendah',1,0),
 (55,'fajrul','fajrul','Peserta Test','10100101001_039','Futsuhilow','Rasch','Proporsional','Tiga Butir','Fajrul Falakh','SDN 1 Lamappoloware','Makassar','2001-09-13','Pria',NULL,NULL,NULL,4,'Sangat Tinggi',1,0),
 (56,'irma','irma','Peserta Test','10100101001_002','Fusuhilow','Rasch','Proporsional','Tiga Butir','Irma Sari Gani','SDN 1 Lamappoloware','Soppeng','2001-12-29','Wanita',NULL,NULL,NULL,2,'Tinggi',1,0),
 (58,'reski','reski','Peserta Test','10100101001_008','Fusuhilow','Rasch','Proporsional','Tiga Butir','Reski Ibrahim','SDN 1 Lamappoloware','Cabenge','2001-07-09','Wanita',NULL,NULL,NULL,4,'Tinggi',1,0),
 (59,'alfi','alfi','Peserta Test','10100101001_011','Fusuhilow','Rasch','Proporsional','Tiga Butir','Alfi Nur Azdah','SDN 1 Lamappoloware','Watansoppeng','2000-12-02','Wanita',NULL,NULL,NULL,2,'Sangat Tinggi',1,0),
 (60,'heri','heri','Peserta Test','10100101001_014','Fusuhilow','Rasch','Proporsional','Tiga Butir','Heri Purnama Ibrahim','SDN 1 Lamappoloware','Soppeng','2000-03-09','Wanita',NULL,NULL,NULL,2,'Rendah',1,0),
 (61,'abdul','abdul','Peserta Test','06','Futsuhilow','Rasch','Proporsional','Tiga Butir','Abdul Rahman Syamsul','SDN 1 Lamappoloware','Makassar','2001-05-13','Pria',NULL,NULL,NULL,4,'Tinggi',1,0),
 (62,'sri','sri','Peserta Test','07','Futsuhilow','Rasch','Proporsional','Tiga Butir','Sri Rahayu','SDN 1 Lamappoloware','Botto','2001-07-28','Wanita',NULL,NULL,NULL,4,'Sedang',1,0),
 (63,'putri','putri','Peserta Test','08','Futsuhilow','Rasch','Proporsional','Tiga Butir','Putri A. Sari','SDN 1 Lamappoloware','Soppeng','2001-05-23','Wanita',NULL,NULL,NULL,4,'Rendah',1,0),
 (64,'hidayah','hidayah','Peserta Test','09','Futsuhilow','Rasch','Proporsional','Tiga Butir','Nur Hidayh','SDN 1 Lamappoloware','Soppeng','2000-05-09','Wanita',NULL,NULL,NULL,4,'Sangat Tinggi',1,0),
 (65,'ode','ode','Peserta Test','010','Futsuhilow','Rasch','Proporsional','Tiga Butir','La Ode Ali Akbar','SDN 1 Lamappoloware','Makassar','2001-07-11','Pria',NULL,NULL,NULL,4,'Sedang',1,0),
 (66,'reza','reza','Peserta Test','011','Futsuhilow','Rasch','Proporsional','Tiga Butir','A. Muh. Reza','SDN 1 Lamappoloware','Cabenge','2000-05-18','Pria','Foto2.JPG',NULL,NULL,4,'Sedang',1,0),
 (67,'fiqri','fiqri','Peserta Test','012','Futsuhilow','Rasch','Proporsional','Tiga Butir','Fiqri Fahriazah','SDN 1 Lamappoloware','Soppeng','2001-06-07','Pria',NULL,NULL,NULL,4,'Tinggi',1,0),
 (68,'anan','anan','Peserta Test','013','Futsuhilow','Rasch','Proporsional','Tiga Butir','Khaerul Anan','SDN 1 Lamappoloware','Soppeng','2001-06-28','Pria',NULL,NULL,NULL,4,'Sedang',1,0),
 (69,'idil','idil','Peserta Test','014','Futsuhilow','Rasch','Proporsional','Tiga Butir','Muh. Idil Saputra','SDN 1 Lamappoloware','Soppeng','2000-12-20','Pria',NULL,NULL,NULL,4,'Sedang',1,0),
 (70,'rifka','rifka','Peserta Test','015','Futsuhilow','Rasch','Proporsional','Tiga Butir','Rifka Arham','SDN 1 Lamappoloware','Bila Selatan','2001-05-27','Wanita',NULL,NULL,NULL,4,'Sangat Tinggi',1,0),
 (71,'ammar','ammar','Peserta Test','017','Futsuhilow','Rasch','Proporsional','Tiga Butir','Ammar Atit Rifatullah','SDN 1 Lamappoloware','Soppeng','2001-10-19','Pria',NULL,NULL,NULL,4,'Sangat Tinggi',1,0),
 (72,'nurayu','nurayu','Peserta Test','018','Futsuhilow','Rasch','Proporsional','Tiga Butir','Nur Ayu Fauziah','SDN 1 Lamappoloware','Ompo','2001-10-28','Wanita',NULL,NULL,NULL,4,NULL,0,0),
 (73,'fatimah','fatimah','Peserta Test','019','Futsuhilow','Rasch','Proporsional','Tiga Butir','Fatimah Azzahrah','SDN 1 Lamappoloware','Makassar','2000-10-23','Wanita',NULL,NULL,NULL,4,'Sangat Tinggi',1,0),
 (74,'mulyani','mulyani','Peserta Test','020','Futsuhilow','Rasch','Proporsional','Tiga Butir','Mulyani Maryana','SDN 1 Lamappoloware','Soppeng','2000-10-12','Wanita',NULL,NULL,NULL,4,'Sangat Tinggi',1,0),
 (75,'rezapa','rezapa','Peserta Test','021','Futsuhilow','Rasch','Proporsional','Tiga Butir','Muh. Reza Parabi','SDN 1 Lamappoloware','Bila Selatan','2000-10-01','Pria',NULL,NULL,NULL,4,NULL,0,0),
 (76,'dian','dian','Peserta Test','022','Futsuhilow','Rasch','Proporsional','Tiga Butir','Dian Pratini Handayani','SDN 1 Lamappoloware','Soppeng','2001-10-18','Wanita',NULL,NULL,NULL,4,'Tinggi',1,0),
 (77,'indah','indah','Peserta Test','023','Futsuhilow','Rasch','Proporsional','Tiga Butir','Indah Purnamasari','SDN 1 Lamappoloware','Salotungo','2001-11-01','Wanita',NULL,NULL,NULL,4,'Sangat Tinggi',1,0),
 (78,'asti','asti','Peserta Test','024','Futsuhilow','Rasch','Proporsional','Tiga Butir','Asti Utami','SDN 161 Karya','Soppeng','2001-06-19','Wanita',NULL,NULL,NULL,4,'Sangat Tinggi',1,0),
 (79,'silva','silva','Peserta Test','025','Futsuhilow','Rasch','Proporsional','Tiga Butir','Silva Zhety','SDN 161 Karya','Talepu','2001-10-14','Wanita',NULL,NULL,NULL,4,'Sedang',1,0),
 (80,'sulfa','sulfa','Peserta Test','026','Futsuhilow','Rasch','Proporsional','Tiga Butir','Sulfandri','SDN 161 Karya','Soppeng','2001-12-21','Pria',NULL,NULL,NULL,4,'Tinggi',1,0),
 (81,'risna','risna','Peserta Test','027','Futsuhilow','Rasch','Proporsional','Tiga Butir','Risna Ruslan','SDN 161 Karya','Cabenge','2000-11-13','Wanita',NULL,NULL,NULL,4,'Rendah',1,0),
 (82,'zhulhul','zhulhul','Peserta Test','028','Futsuhilow','Rasch','Proporsional','Tiga Butir','Muh. Zhulhul','SDN 161 Karya','Makassar','2000-02-04','Pria',NULL,NULL,NULL,4,'Sangat Rendah',1,0),
 (83,'ifa','ifa','Peserta Test','029','Futsuhilow','Rasch','Proporsional','Tiga Butir','Ifa Arma Sari','SDN 161 Karya','Soppeng','2000-12-26','Wanita',NULL,NULL,NULL,4,'Sangat Rendah',1,0),
 (84,'asfi','asfi','Peserta Test','030','Futsuhilow','Rasch','Proporsional','Tiga Butir','Asfinolia','SDN 161 Karya','Talepu','2000-12-17','Wanita',NULL,NULL,NULL,4,'Sangat Tinggi',1,0),
 (85,'mauli','mauli','Peserta Test','10100101001_005','Fusuhilow','Rasch','Proporsional','Tiga Butir','Nur Maulidiyah Rahmah','SDN 1 Lamappoloware','Salotungo','2000-01-09','Wanita',NULL,NULL,NULL,2,NULL,0,0),
 (86,'azza','azza','Peserta Test','016','Futsuhilow','Rasch','Proporsional','Tiga Butir','Azza Nurul Izza','SDN 1 Lamappoloware','Soppeng','2001-04-08','Pria',NULL,NULL,NULL,4,'Sangat Rendah',1,0),
 (87,'andika','andika','Peserta Test','m2','Futsuhilow','Rasch','Proporsional','Tiga Butir','Andika Baharuddin','SDN 1 Lamappoloware','Soppeng','2001-04-19','Wanita',NULL,NULL,NULL,4,'Sedang',1,0),
 (88,'magfira','magfira','Peserta Test','m3','Futsuhilow','Rasch','Proporsional','Tiga Butir','A. Muh. Mauliddin Pratama','SDN 1 Lamappoloware','Batu-Batu','2001-01-07','Pria',NULL,NULL,NULL,4,'Sangat Tinggi',1,0),
 (89,'ratu','ratu','Peserta Test','m4','Futsuhilow','Rasch','Proporsional','Tiga Butir','Ratu Atasya','SDN 1 Lamappoloware','Soppeng','2001-08-24','Wanita','Foto3.JPG',NULL,NULL,4,'Sangat Rendah',1,0),
 (90,'rahma','rahma','Peserta Test','m5','Futsuhilow','Rasch','Proporsional','Tiga Butir','Rahmah Maulidah','SDN 1 Lamappoloware','Bila Selatan','2001-07-21','Wanita',NULL,NULL,NULL,4,'Tinggi',1,0),
 (91,'adrepi','adrepi','Peserta Test','m6','Futsuhilow','Rasch','Proporsional','Tiga Butir','Adrepi Putra Purnama','SDN 1 Lamappoloware','Salotungo','2001-02-10','Pria',NULL,NULL,NULL,4,'Sangat Tinggi',1,0),
 (92,'yus','yus','Peserta Test','m7','Futsuhilow','Rasch','Proporsional','Tiga Butir','A. Yus Malasari','SDN 1 Lamappoloware','Soppeng','2001-04-25','Wanita',NULL,NULL,NULL,4,'Tinggi',1,0),
 (93,'amelia','amelia','Peserta Test','m8','Futsuhilow','Rasch','Proporsional','Tiga Butir','Reski Amelia Anggreni','SDN 1 Lamappoloware','Makassar','2001-08-21','Wanita',NULL,NULL,NULL,4,'Sangat Tinggi',1,0),
 (94,'chika','chika','Peserta Test','m9','Futsuhilow','Rasch','Proporsional','Tiga Butir','A. Chika Zafirah Anugerah','SDN 1 Lamappoloware','Bila Selatan','2001-03-17','Wanita',NULL,NULL,NULL,4,'Sangat Tinggi',1,0),
 (95,'ria','ria','Peserta Test','m10','Futsuhilow','Rasch','Proporsional','Tiga Butir','A. Ria Novita Sari','SDN 1 Lamappoloware','Cabenge','2001-12-01','Wanita',NULL,NULL,NULL,4,'Sangat Tinggi',1,0),
 (96,'baso','baso','Peserta Test','m11','Futsuhilow','Rasch','Proporsional','Tiga Butir','A. Baso Mandanging','SDN 1 Lamappoloware','Makassar','2001-10-17','Pria',NULL,NULL,NULL,4,'Tinggi',1,0),
 (97,'rafi','rafi','Peserta Test','m12','Futsuhilow','Rasch','Proporsional','Tiga Butir','Rafiuddin','SDN 1 Lamappoloware','Cabenge','2001-01-05','Pria',NULL,NULL,NULL,4,'Sangat Tinggi',1,0),
 (98,'aldi','aldi','Peserta Test','m13','Futsuhilow','Rasch','Proporsional','Tiga Butir','A. Aldi Asnur Jaya','SDN 1 Lamappoloware','Makassar','2001-11-18','Pria',NULL,NULL,NULL,4,'Tinggi',1,0),
 (99,'fauzan','fauzan','Peserta Test','m14','Futsuhilow','Rasch','Proporsional','Tiga Butir','Muh. Fauzan','SDN 1 Lamappoloware','Soppeng','2001-06-27','Pria',NULL,NULL,NULL,4,'Tinggi',1,0),
 (100,'rezky','rezky','Peserta Test','m15','Futsuhilow','Rasch','Proporsional','Tiga Butir','Muh. Rezky','SDN 1 Lamappoloware','Ompo','2001-04-05','Pria',NULL,NULL,NULL,4,'Sedang',1,0),
 (101,'annisa','annisa','Peserta Test','m16','Futsuhilow','Rasch','Proporsional','Tiga Butir','A. Annisa Azzahra','SDN 1 Lamappoloware','Soppeng','2001-07-26','Wanita',NULL,NULL,NULL,4,'Sangat Rendah',1,0),
 (102,'aulia','aulia','Peserta Test','m17','Futsuhilow','Rasch','Proporsional','Tiga Butir','A. Aulia Putra','SDN 1 Lamappoloware','Soppeng','2000-09-19','Wanita',NULL,NULL,NULL,4,'Sedang',1,0),
 (103,'dinul','dinul','Peserta Test','m18','Futsuhilow','Rasch','Proporsional','Tiga Butir','Ahmad Dinul Islam','SDN 1 Lamappoloware','Soppeng','2001-07-06','Pria',NULL,NULL,NULL,4,'Tinggi',1,0),
 (104,'winda','winda','Peserta Test','m19','Futsuhilow','Rasch','Proporsional','Tiga Butir','Winda Sari','SDN 1 Lamappoloware','Makassar','2001-12-05','Wanita',NULL,NULL,NULL,4,'Sangat Tinggi',1,0),
 (105,'irawah','irawah','Peserta Test','m20','Futsuhilow','Rasch','Proporsional','Tiga Butir','Irawah Dewi','SDN 1 Lamappoloware','Keccee','2001-08-03','Wanita',NULL,NULL,NULL,4,'Sedang',1,0),
 (106,'ahda','ahda','Peserta Test','m21','Futsuhilow','Rasch','Proporsional','Tiga Butir','Ahda Sahida Salsabila','SDN 1 Lamappoloware','Soppeng','2001-07-17','Wanita',NULL,NULL,NULL,4,'Rendah',1,0),
 (107,'aizyah','aizyah','Peserta Test','m22','Futsuhilow','Rasch','Proporsional','Tiga Butir','A. Aizyah Afiatna','SDN 1 Lamappoloware','Makassar','2001-07-09','Wanita',NULL,NULL,NULL,4,'Sangat Tinggi',1,0),
 (108,'sitti','sitti','Peserta Test','m23','Futsuhilow','Rasch','Proporsional','Tiga Butir','Sitti Fatimah Onggena','SDN 1 Lamappoloware','Soppeng','2001-12-28','Wanita',NULL,NULL,NULL,4,'Tinggi',1,0),
 (109,'inka','inka','Peserta Test','m24','Futsuhilow','Rasch','Proporsional','Tiga Butir','Inka Istiani','SDN 161 Karya','Soppeng','2001-12-18','Wanita',NULL,NULL,NULL,4,'Tinggi',1,0),
 (110,'uni','uni','Peserta Test','m25','Futsuhilow','Rasch','Proporsional','Tiga Butir','Uni Erwati','SDN 161 Karya','Soppeng','2001-08-25','Wanita',NULL,NULL,NULL,4,'Tinggi',1,0),
 (111,'nailah','nailah','Peserta Test','m26','Futsuhilow','Rasch','Proporsional','Tiga Butir','Nailah Gusri','SDN 161 Karya','Soppeng','2001-09-28','Wanita',NULL,NULL,NULL,4,'Sangat Tinggi',1,0),
 (112,'radhi','radhi','Peserta Test','m27','Futsuhilow','Rasch','Proporsional','Tiga Butir','Radhi Atul Rahman','SDN 161 Karya','Cabenge','2000-10-19','Pria',NULL,NULL,NULL,4,'Sedang',1,0),
 (113,'ikhsan','ikhsan','Peserta Test','m28','Futsuhilow','Rasch','Proporsional','Tiga Butir','Muh. Ikhsan Taqwin','SDN 161 Karya','Paroto','2000-11-28','Pria',NULL,NULL,NULL,4,'Rendah',1,0),
 (114,'akbar','akbar','Peserta Test','m29','Futsuhilow','Rasch','Proporsional','Tiga Butir','Muh. Akbar Fauzan','SDN 161 Karya','Soppeng','2001-09-25','Pria',NULL,NULL,NULL,4,'Rendah',1,0),
 (115,'nurfadilah','nurfadilah','Peserta Test','m30','Futsuhilow','Rasch','Proporsional','Tiga Butir','Nurfadilah Maulidini','SDN 161 Karya','Makassar','2001-10-26','Wanita',NULL,NULL,NULL,4,'Sangat Tinggi',1,0),
 (116,'tenrisa','tenrisa','Peserta Test','m1','Futsuhilow','Rasch','Proporsional','Tiga Butir','A. Febirani Tenri Sanna','SDN 1 Lamappoloware','Lalebenteng','2001-08-09','Wanita',NULL,NULL,NULL,4,'Tinggi',1,0),
 (117,'wati','wati','Peserta Test','0001','Futsuhilow','Rasch','Proporsional','Tiga Butir','Watiadi','SD','Lajoa','2001-10-13','Wanita',NULL,NULL,NULL,4,'Sangat Rendah',1,0);
/*!40000 ALTER TABLE `peserta_test` ENABLE KEYS */;


--
-- Definition of table `peserta_test_domain`
--

DROP TABLE IF EXISTS `peserta_test_domain`;
CREATE TABLE `peserta_test_domain` (
  `idpeserta_test_domain` int(10) unsigned NOT NULL AUTO_INCREMENT,
  `idpeserta_test` int(10) unsigned NOT NULL,
  `iddomain` int(10) unsigned NOT NULL,
  PRIMARY KEY (`idpeserta_test_domain`),
  KEY `FK_peserta_test_domain_1` (`idpeserta_test`),
  KEY `FK_peserta_test_domain_2` (`iddomain`),
  CONSTRAINT `FK_peserta_test_domain_1` FOREIGN KEY (`idpeserta_test`) REFERENCES `peserta_test` (`id`) ON DELETE CASCADE ON UPDATE CASCADE,
  CONSTRAINT `FK_peserta_test_domain_2` FOREIGN KEY (`iddomain`) REFERENCES `domain` (`iddomain`) ON DELETE CASCADE ON UPDATE CASCADE
) ENGINE=InnoDB AUTO_INCREMENT=287 DEFAULT CHARSET=latin1;

--
-- Dumping data for table `peserta_test_domain`
--

/*!40000 ALTER TABLE `peserta_test_domain` DISABLE KEYS */;
INSERT INTO `peserta_test_domain` (`idpeserta_test_domain`,`idpeserta_test`,`iddomain`) VALUES 
 (58,6,1),
 (59,6,10),
 (60,6,11),
 (74,16,10),
 (78,17,10),
 (79,18,10),
 (86,25,10),
 (105,22,10),
 (106,22,11),
 (115,26,10),
 (118,52,10),
 (119,51,10),
 (120,50,10),
 (122,49,10),
 (125,47,10),
 (127,29,10),
 (128,30,10),
 (129,31,10),
 (132,34,10),
 (134,36,10),
 (135,37,10),
 (136,35,10),
 (137,15,1),
 (138,15,10),
 (139,15,11),
 (140,21,10),
 (141,27,10),
 (142,38,10),
 (145,45,10),
 (146,44,10),
 (147,43,10),
 (148,42,10),
 (149,41,10),
 (152,33,10),
 (153,32,10),
 (154,40,10),
 (155,53,10),
 (156,28,10),
 (159,39,10),
 (160,46,10),
 (161,84,10),
 (162,83,10),
 (163,82,10),
 (164,81,10),
 (165,80,10),
 (166,79,10),
 (167,78,10),
 (168,77,10),
 (170,76,10),
 (171,75,10),
 (172,74,10),
 (173,73,10),
 (174,72,10),
 (175,71,10),
 (176,70,10),
 (178,68,10),
 (179,69,10),
 (180,67,10),
 (181,66,10),
 (182,65,10),
 (183,64,10),
 (184,63,10),
 (185,62,10),
 (186,61,10),
 (187,60,10),
 (188,59,10),
 (189,58,10),
 (191,56,10),
 (192,55,10),
 (193,54,10),
 (195,86,10),
 (202,111,10),
 (203,110,10),
 (212,3,10),
 (213,3,11),
 (220,103,10),
 (221,102,10),
 (222,101,10),
 (223,100,10),
 (224,99,10),
 (225,98,10),
 (226,97,10),
 (227,96,10),
 (228,95,10),
 (229,94,10),
 (230,93,10),
 (231,92,10),
 (232,91,10),
 (233,90,10),
 (234,89,10),
 (235,88,10),
 (236,87,10),
 (239,85,10),
 (240,115,10),
 (241,109,10),
 (242,108,10),
 (243,107,10),
 (244,106,10),
 (245,105,10),
 (247,104,10),
 (248,113,10),
 (249,112,10),
 (250,116,10),
 (251,114,10),
 (252,117,10),
 (254,48,10),
 (255,23,1),
 (256,23,10),
 (257,23,11),
 (258,12,1),
 (259,12,10),
 (260,12,11),
 (261,24,1),
 (262,24,10),
 (263,24,11),
 (270,7,1),
 (271,7,10),
 (272,7,11),
 (273,9,1),
 (274,9,10),
 (275,9,11),
 (276,8,1),
 (277,8,10),
 (278,8,11),
 (279,11,1),
 (280,11,10),
 (281,11,11),
 (282,10,1),
 (283,10,10),
 (284,10,11),
 (285,1,1),
 (286,1,10);
/*!40000 ALTER TABLE `peserta_test_domain` ENABLE KEYS */;


--
-- Definition of table `peserta_test_jawaban_dengan_model`
--

DROP TABLE IF EXISTS `peserta_test_jawaban_dengan_model`;
CREATE TABLE `peserta_test_jawaban_dengan_model` (
  `idpeserta_test_jawaban_dengan_model` int(10) unsigned NOT NULL AUTO_INCREMENT,
  `idpeserta_test` int(10) unsigned NOT NULL,
  `idsoal` int(10) unsigned NOT NULL,
  `jawaban` enum('A','B','C','D') NOT NULL,
  `nilai` int(10) unsigned NOT NULL,
  `thetaAwal` double NOT NULL,
  `b` double NOT NULL,
  `P` double NOT NULL,
  `Q` double NOT NULL,
  `PQ` double NOT NULL,
  `SE` double NOT NULL,
  `selisihSE` double NOT NULL,
  `skor` double NOT NULL,
  `thetaAkhir` double NOT NULL,
  `waktu` varchar(10) DEFAULT NULL,
  PRIMARY KEY (`idpeserta_test_jawaban_dengan_model`),
  KEY `FK_peserta_test_jawaban_dengan_model_1` (`idpeserta_test`),
  KEY `FK_peserta_test_jawaban_dengan_model_2` (`idsoal`),
  CONSTRAINT `FK_peserta_test_jawaban_dengan_model_1` FOREIGN KEY (`idpeserta_test`) REFERENCES `peserta_test` (`id`) ON DELETE CASCADE ON UPDATE CASCADE,
  CONSTRAINT `FK_peserta_test_jawaban_dengan_model_2` FOREIGN KEY (`idsoal`) REFERENCES `soal` (`idsoal`) ON DELETE CASCADE ON UPDATE CASCADE
) ENGINE=InnoDB AUTO_INCREMENT=4480 DEFAULT CHARSET=latin1;

--
-- Dumping data for table `peserta_test_jawaban_dengan_model`
--

/*!40000 ALTER TABLE `peserta_test_jawaban_dengan_model` DISABLE KEYS */;
INSERT INTO `peserta_test_jawaban_dengan_model` (`idpeserta_test_jawaban_dengan_model`,`idpeserta_test`,`idsoal`,`jawaban`,`nilai`,`thetaAwal`,`b`,`P`,`Q`,`PQ`,`SE`,`selisihSE`,`skor`,`thetaAkhir`,`waktu`) VALUES 
 (120,15,82,'B',1,1.765,1.765,0.5,0.5,0.25,1.41421356237309,1.41421356237309,72.0625,1.765,'2:38'),
 (195,16,231,'A',0,0,1.955,0.5,0.5,0.25,2,2,74.4375,1.955,'00:02'),
 (196,16,244,'A',0,1.955,1.202,0.5,0.5,0.25,1.41421356237309,0.585786437626905,65.025,1.202,'00:02'),
 (197,16,252,'A',0,1.202,0.994,0.5,0.5,0.25,1.15470053837925,0.259513023993843,62.425,0.994,'00:03'),
 (198,16,226,'A',0,0.994,0.7,0.5,0.5,0.25,1,0.154700538379252,58.75,0.7,'00:02'),
 (199,16,27,'A',0,0.7,0.485,0.5,0.5,0.25,0.894427190999916,0.105572809000084,56.0625,0.485,'00:01'),
 (201,16,222,'A',0,0.278,0.036,0.5,0.5,0.25,0.755928946018454,0.0605676349092718,50.45,0.036,'00:03'),
 (202,16,257,'A',0,0.036,-0.668,0.5,0.5,0.25,0.707106781186547,0.0488221648319069,41.65,-0.668,'00:03'),
 (402,21,231,'A',0,2,1.955,0.5,0.5,0.25,1,0.154700538379252,74.4375,1.955,'00:03'),
 (403,21,210,'C',1,1.955,1.286,0.5,0.5,0.25,0.894427190999916,0.105572809000084,66.075,1.286,'00:03'),
 (477,25,168,'A',0,-2,-2.098,0.5,0.5,0.25,2,2,23.775,-2.098,'00:03'),
 (478,25,240,'B',0,-2.098,-2.589,0.5,0.5,0.25,1.41421356237309,0.585786437626905,17.6375,-2.589,'00:05'),
 (822,22,443,'A',0,-2,-2.082,2.17944947177034,0.5,0.25,0.458831467741124,0,23.975,-2.082,'00:01'),
 (1833,27,398,'A',0,3,2.991,0.502249984812623,0.497750015187377,0.249994937568343,2.00002025003417,2,87.3875,2.991,'00:03'),
 (1834,27,333,'B',1,2.991,2.321,0.661503159202952,0.338496840797048,0.223916729567466,1.45261759292808,0.55,79.0125,2.321,'00:04'),
 (1835,27,341,'D',1,2.321,2.435,0.471530825439878,0.528469174560122,0.249189506099865,1.17598143836328,0.28,80.4375,2.435,'00:07'),
 (1836,27,420,'A',1,2.435,2.911,0.383197110802891,0.616802889197109,0.236357085075208,1.02090882351313,0.16,86.3875,2.911,'00:02'),
 (1837,27,397,'D',1,2.911,3.091,0.45512110762642,0.54487889237358,0.247985885019321,0.910052559286444,0.11,88.6375,3.091,'00:03'),
 (1838,27,332,'C',1,3.091,3.328,0.441025785481546,0.558974214518454,0.246522042021931,0.829321351640226,0.08,91.6,3.328,'00:05'),
 (1839,27,345,'A',0,3.328,3.912,0.358012714004361,0.64198728599564,0.229839610615593,0.770644352184413,0.06,98.9,3.912,'00:19'),
 (1840,27,387,'A',1,3.912,3.491,0.603722516301716,0.396277483698284,0.23924163961204,0.721115783727893,0.05,93.6375,3.491,'00:01'),
 (1841,27,326,'A',0,3.491,3.703,0.447197614555306,0.552802385444694,0.24721190809135,0.678803671510294,0.04,96.2875,3.703,'00:01'),
 (1842,27,334,'B',1,3.703,3.143,0.636452540281567,0.363547459718434,0.231380704250707,0.645276786009979,0.03,89.2875,3.143,'00:02'),
 (1843,27,347,'C',1,3.143,3.943,0.310025518872388,0.689974481127613,0.213909696520294,0.618327422860128,0.03,99.2875,3.943,'00:03'),
 (1862,28,398,'A',0,3,2.991,0.502249984812623,0.497750015187377,0.249994937568343,2.00002025003417,2,87.3875,2.991,'00:20'),
 (1863,28,333,'A',0,2.991,2.321,0.661503159202952,0.338496840797048,0.223916729567466,1.45261759292808,0.55,79.0125,2.321,'00:06'),
 (1864,28,383,'A',0,2.321,2.109,0.552802385444694,0.447197614555306,0.24721190809135,1.17759283090261,0.28,76.3625,2.109,'00:05'),
 (1865,28,288,'A',1,2.109,1.379,0.674805272582313,0.325194727417687,0.219443116677423,1.03111048353345,0.15,67.2375,1.379,'00:02'),
 (1866,28,317,'A',1,1.379,1.532,0.461824441931238,0.538175558068762,0.248542626766139,0.917041751170892,0.11,69.15,1.532,'00:02'),
 (1867,28,232,'C',1,1.532,1.635,0.47427274102019,0.52572725897981,0.249338108145386,0.833782936855647,0.08,70.4375,1.635,'00:05'),
 (1868,28,250,'D',1,1.635,1.772,0.465803469499505,0.534196530500495,0.248830597301729,0.769850994170954,0.06,72.15,1.772,'00:06'),
 (1869,28,386,'A',1,1.772,1.943,0.457353867354538,0.542646132645462,0.248181307370386,0.718799845177675,0.05,74.2875,1.943,'00:02'),
 (1870,28,392,'C',1,1.943,2.081,0.46555464743179,0.53444535256821,0.248813517686452,0.676622688216448,0.04,76.0125,2.081,'00:04'),
 (1871,28,191,'D',1,2.081,2.812,0.324975322672399,0.675024677327601,0.219366362326369,0.645008384207351,0.03,85.15,2.812,'00:06'),
 (1872,28,382,'A',0,2.812,3.091,0.430698956414443,0.569301043585557,0.245197365357953,0.614430007506657,0.03,88.6375,3.091,'00:02'),
 (1873,28,351,'A',1,3.091,1.043,0.885745373804528,0.114254626195472,0.101200506588405,0.603018623349343,0.01,63.0375,1.043,'00:05'),
 (1892,30,203,'B',1,0,-0.008,0.501999989333402,0.498000010666598,0.249996000042666,2.00001600002133,2,49.9,-0.00800000000000001,'00:06'),
 (1893,30,278,'B',0,-0.00800000000000001,0.216,0.444232985707372,0.555767014292628,0.246890040116886,1.41863804385793,0.58,52.7,0.216,'00:05'),
 (1894,30,220,'C',1,0.216,-0.174,0.596282699296788,0.403717300703212,0.240729641816124,1.16435370459415,0.25,47.825,-0.174,'00:05'),
 (1895,30,13,'C',1,-0.174,-0.063,0.472278457250835,0.527721542749165,0.249231516067606,1.00664199389224,0.16,49.2125,-0.0629999999999999,'00:04'),
 (1896,30,263,'B',1,-0.0629999999999999,0.044,0.473275492543152,0.526724507456848,0.249285800701189,0.899430063793914,0.11,50.55,0.044,'00:07'),
 (1897,30,410,'A',1,0.044,0.231,0.453385758681057,0.546614241318943,0.247827112506259,0.820897411740445,0.08,52.8875,0.231,'00:01'),
 (1898,30,253,'C',1,0.231,0.476,0.439054549675284,0.560945450324716,0.246285652084718,0.760231924015855,0.06,55.95,0.476,'00:04'),
 (1899,30,311,'A',0,0.476,0.747,0.432661612983003,0.567338387016997,0.245465541633949,0.711439964375912,0.05,59.3375,0.747,'00:03'),
 (1900,30,27,'B',1,0.747,0.485,0.56512787239084,0.43487212760916,0.245758360237842,0.67093400899115,0.04,56.0625,0.485,'00:07'),
 (1901,30,176,'A',1,0.485,0.657,0.457105696651369,0.542894303348631,0.248160078740236,0.636332458274191,0.03,58.2125,0.657,'00:02'),
 (1902,30,252,'A',0,0.657,0.994,0.416538396489769,0.583461603510231,0.243034160739501,0.607158397013161,0.03,62.425,0.994,'00:02'),
 (1903,30,389,'A',1,0.994,0.789,0.551071269307342,0.448928730692658,0.247391725451337,0.58123273191076,0.03,59.8625,0.789,'00:04'),
 (1904,30,198,'A',0,0.789,0.941,0.462072994025907,0.537927005974093,0.248561542217841,0.558265832089927,0.02,61.7625,0.941,'00:10'),
 (1905,30,301,'A',0,0.941,0.727,0.553296756888103,0.446703243111897,0.24715945570521,0.537931738014455,0.02,59.0875,0.727,'00:03'),
 (1906,30,289,'A',0,0.727,-0.312,0.738657009328462,0.261342990671538,0.193042831898394,0.523508590101551,0.01,46.1,-0.312,'00:03'),
 (1907,18,398,'C',1,3,2.991,0.502249984812623,0.497750015187377,0.249994937568343,2.00002025003417,2,87.3875,2.991,'00:07'),
 (1908,18,334,'B',1,2.991,3.143,0.462072994025907,0.537927005974093,0.248561542217841,1.41625943920118,0.58,89.2875,3.143,'00:05'),
 (1909,18,345,'A',0,3.143,3.912,0.316695466033755,0.683304533966245,0.216399447827418,1.18266124198269,0.23,98.9,3.912,'00:04'),
 (1910,18,387,'A',1,3.912,3.491,0.603722516301716,0.396277483698284,0.23924163961204,1.02371919740071,0.16,93.6375,3.491,'00:03'),
 (1911,18,326,'A',0,3.491,3.703,0.447197614555306,0.552802385444694,0.24721190809135,0.912335288885526,0.11,96.2875,3.703,'00:04'),
 (1912,18,332,'A',0,3.703,3.328,0.59266659995407,0.40733340004593,0.241412901252952,0.832517871968854,0.08,91.6,3.328,'00:03'),
 (1914,18,343,'C',0,3.101,3.101,0.5,0.5,0.25,0.71802676819917,0.05,88.7625,3.101,'00:21'),
 (1915,18,402,'B',1,3.101,2.61,0.620341978477765,0.379658021522235,0.235517808216057,0.678040578372649,0.04,82.625,2.61,'00:05'),
 (1916,18,191,'D',1,2.61,2.812,0.44967101904112,0.55032898095888,0.247466993675641,0.642477439435169,0.04,85.15,2.812,'00:04'),
 (1918,18,382,'A',0,3.091,3.091,0.5,0.5,0.25,0.585425167242451,0.03,88.6375,3.091,'00:13'),
 (1919,18,368,'A',0,3.091,2.409,0.664184930402333,0.335815069597667,0.223043308628781,0.564255854382663,0.02,80.1125,2.409,'00:02'),
 (1920,18,264,'B',1,2.409,2.141,0.566601842151274,0.433398157848726,0.245564194622057,0.54341254181739,0.02,76.7625,2.141,'00:04'),
 (1921,18,280,'A',0,2.141,2.268,0.468292605928051,0.531707394071949,0.248994641161166,0.524472941622186,0.02,78.35,2.268,'00:04'),
 (1922,18,386,'A',1,2.268,1.943,0.58054230482066,0.41945769517934,0.243512937134176,0.507743326057318,0.02,74.2875,1.943,'00:01'),
 (1923,18,392,'C',1,1.943,2.081,0.46555464743179,0.53444535256821,0.248813517686452,0.492202517848302,0.02,76.0125,2.081,'00:03'),
 (1924,18,333,'B',1,2.081,2.321,0.440286350732807,0.559713649267193,0.246434280091195,0.478136564533297,0.01,79.0125,2.321,'00:03'),
 (1961,32,203,'A',0,0,-0.008,0.501999989333402,0.498000010666598,0.249996000042666,2.00001600002133,2,49.9,-0.00800000000000001,'00:02'),
 (1962,32,215,'C',1,-0.00800000000000001,-0.259,0.562422619645223,0.437577380354777,0.246103416556628,1.41976230651663,0.58,46.7625,-0.259,'00:04'),
 (1963,32,253,'C',1,-0.259,0.476,0.324098472274059,0.675901527725941,0.21905865254368,1.18249408883292,0.24,55.95,0.476,'00:06'),
 (1964,32,311,'B',1,0.476,0.747,0.432661612983003,0.567338387016997,0.245465541633949,1.0202893927398,0.16,59.3375,0.747,'00:04'),
 (1965,32,198,'C',1,0.747,0.941,0.451651541849306,0.548348458150694,0.247662426594451,0.909735456667619,0.11,61.7625,0.941,'00:05'),
 (1966,32,412,'A',1,0.941,1.091,0.46257015465625,0.53742984534375,0.248599006677543,0.828490165433979,0.08,63.6375,1.091,'00:02'),
 (1967,32,288,'A',1,1.091,1.379,0.428493570532444,0.571506429467556,0.244886830544801,0.766565605205145,0.06,67.2375,1.379,'00:02'),
 (1968,32,317,'B',0,1.379,1.532,0.461824441931238,0.538175558068762,0.248542626766139,0.716057132536255,0.05,69.15,1.532,'00:05'),
 (1969,32,331,'A',1,1.532,1.325,0.551566002060074,0.448433997939926,0.24734094743154,0.674559398972871,0.04,66.5625,1.325,'00:03'),
 (1970,32,250,'A',0,1.325,1.772,0.390074279223029,0.609925720776971,0.237916335911663,0.640766108441921,0.03,72.15,1.772,'00:01'),
 (1971,32,351,'A',1,1.772,1.043,0.674585791117409,0.325414208882591,0.219519801539908,0.613705826899022,0.03,63.0375,1.043,'00:01'),
 (1972,32,357,'A',0,1.043,1.212,0.457850272143299,0.542149727856701,0.248223400441606,0.586884881599829,0.03,65.15,1.212,'00:01'),
 (1973,32,233,'B',0,1.212,0.942,0.567092904965454,0.432907095034546,0.245498542103297,0.563542311041479,0.02,61.775,0.942,'00:05'),
 (1974,32,301,'A',0,0.942,0.727,0.553543903151118,0.446456096848882,0.247133050435344,0.54264970977851,0.02,59.0875,0.727,'00:02'),
 (1975,32,220,'A',0,0.727,-0.174,0.711154959574184,0.288845040425816,0.205413583047225,0.526946739835382,0.02,47.825,-0.174,'00:01'),
 (1976,32,257,'A',0,-0.174,-0.668,0.621048276380829,0.378951723619171,0.23534731478523,0.510529281028398,0.02,41.65,-0.668,'00:01'),
 (1977,32,408,'A',1,-0.668,-1.091,0.604200900183119,0.395799099816881,0.239142172401028,0.495325768871394,0.02,36.3625,-1.091,'00:03'),
 (1978,32,214,'A',0,-1.091,-0.952,0.465305842505011,0.53469415749499,0.248796315435713,0.480866718589783,0.01,38.1,-0.952,'00:01'),
 (1979,33,398,'C',1,3,2.991,0.502249984812623,0.497750015187377,0.249994937568343,2.00002025003417,2,87.3875,2.991,'00:05'),
 (1981,33,345,'B',1,3.143,3.912,0.316695466033755,0.683304533966245,0.216399447827418,1.18266124198269,0.23,98.9,3.912,'00:07'),
 (1982,33,334,'C',0,3.912,3.143,0.683304533966245,0.316695466033755,0.216399447827418,1.03619689661507,0.15,89.2875,3.143,'00:28'),
 (1983,33,367,'A',0,3.143,2.923,0.554779235107215,0.445220764892785,0.246999235401069,0.921217113412077,0.11,86.5375,2.923,'00:24'),
 (1984,33,333,'A',0,2.923,2.321,0.646113741297625,0.353886258702375,0.228650774604011,0.843047646115878,0.08,79.0125,2.321,'00:03'),
 (1985,33,383,'C',1,2.321,2.109,0.552802385444694,0.447197614555306,0.24721190809135,0.777505950741745,0.07,76.3625,2.109,'00:04'),
 (1986,33,420,'A',1,2.109,2.911,0.309597862109642,0.690402137890358,0.213747025886781,0.731670780696621,0.05,86.3875,2.911,'00:02'),
 (1987,33,397,'A',0,2.911,3.091,0.45512110762642,0.54487889237358,0.247985885019321,0.687459754252672,0.04,88.6375,3.091,'00:06'),
 (1988,33,188,'A',0,3.091,2.819,0.567583836010037,0.432416163989963,0.245432425110168,0.650753957465505,0.04,85.2375,2.819,'00:03'),
 (1989,33,341,'D',1,2.819,2.435,0.594837490890115,0.405162509109885,0.241005850321667,0.619889008995285,0.03,80.4375,2.435,'00:05'),
 (1990,33,423,'A',1,2.435,3.091,0.341638727638786,0.658361272361214,0.224921707416137,0.594720995872264,0.03,88.6375,3.091,'00:01'),
 (1991,33,319,'A',0,3.091,3.231,0.465057054841786,0.534942945158214,0.24877899058367,0.570164980040652,0.02,90.3875,3.231,'00:04'),
 (1992,33,330,'B',0,3.231,3.012,0.554532222361229,0.445467777638771,0.247026236724346,0.5485639801446,0.02,87.65,3.012,'00:04'),
 (1993,33,346,'C',1,3.012,2.721,0.572240931843387,0.427759068156613,0.244781247766399,0.529412103922088,0.02,84.0125,2.721,'00:04'),
 (1994,33,353,'C',1,2.721,3.109,0.404198852556552,0.595801147443448,0.240822140148519,0.512401680069772,0.02,88.8625,3.109,'00:02'),
 (1995,33,322,'C',1,3.109,3.321,0.447197614555306,0.552802385444694,0.24721190809135,0.496540567701896,0.02,91.5125,3.321,'00:05'),
 (1996,33,189,'A',1,3.321,3.671,0.41338242108267,0.58661757891733,0.2424973950225,0.482330989922724,0.01,95.8875,3.671,'00:03'),
 (1997,34,231,'A',0,2,1.955,0.511248101946855,0.488751898053145,0.249873480202593,2.00050627135778,2,74.4375,1.955,'00:04'),
 (1998,34,376,'D',1,1.955,1.345,0.64794080208065,0.35205919791935,0.228113519079734,1.44641180535028,0.55,66.8125,1.345,'00:05'),
 (1999,34,386,'A',1,1.345,1.943,0.354801395436818,0.645198604563182,0.228917365232905,1.18937736300834,0.26,74.2875,1.943,'00:03'),
 (2000,34,392,'C',1,1.943,2.081,0.46555464743179,0.53444535256821,0.248813517686452,1.02290462905228,0.17,76.0125,2.081,'00:04'),
 (2001,34,333,'A',0,2.081,2.321,0.440286350732807,0.559713649267193,0.246434280091195,0.91205342597246,0.11,79.0125,2.321,'00:03'),
 (2002,34,383,'C',1,2.321,2.109,0.552802385444694,0.447197614555306,0.24721190809135,0.830636965632392,0.08,76.3625,2.109,'00:04'),
 (2003,34,420,'A',1,2.109,2.911,0.309597862109642,0.690402137890358,0.213747025886781,0.775424233481162,0.06,86.3875,2.911,'00:02'),
 (2004,34,397,'D',1,2.911,3.091,0.45512110762642,0.54487889237358,0.247985885019321,0.723366907371109,0.05,88.6375,3.091,'00:03'),
 (2005,34,332,'A',0,3.091,3.328,0.441025785481546,0.558974214518454,0.246522042021931,0.680789139201134,0.04,91.6,3.328,'00:02'),
 (2006,34,343,'B',1,3.328,3.101,0.556507559963506,0.443492440036494,0.246806895666971,0.644902854977056,0.04,88.7625,3.101,'00:03'),
 (2007,34,387,'A',1,3.101,3.491,0.403717300703212,0.596282699296788,0.240729641816124,0.614857381315906,0.03,93.6375,3.491,'00:01'),
 (2008,34,326,'A',0,3.491,3.703,0.447197614555306,0.552802385444694,0.24721190809135,0.587994502817237,0.03,96.2875,3.703,'00:02'),
 (2009,34,334,'A',0,3.703,3.143,0.636452540281567,0.363547459718434,0.231380704250707,0.565798761434729,0.02,89.2875,3.143,'00:05'),
 (2010,34,346,'A',0,3.143,2.721,0.603961733109224,0.396038266890776,0.239191958048926,0.545306195653379,0.02,84.0125,2.721,'00:02'),
 (2011,34,288,'A',1,2.721,1.379,0.792818648312201,0.2071813516878,0.164257239200616,0.532457708734961,0.01,67.2375,1.379,'00:01'),
 (2012,35,398,'C',1,3,2.991,0.502249984812623,0.497750015187377,0.249994937568343,2.00002025003417,2,87.3875,2.991,'00:05'),
 (2013,35,334,'B',1,2.991,3.143,0.462072994025907,0.537927005974093,0.248561542217841,1.41625943920118,0.58,89.2875,3.143,'00:08'),
 (2015,35,345,'C',0,3.912,3.912,0.5,0.5,0.25,1.01799644377396,0.16,98.9,3.912,'00:15'),
 (2016,35,326,'A',0,3.912,3.703,0.552060632777803,0.447939367222197,0.247289690514775,0.90824849840282,0.11,96.2875,3.703,'00:05'),
 (2017,35,332,'C',1,3.703,3.328,0.59266659995407,0.40733340004593,0.241412901252952,0.829409109685184,0.08,91.6,3.328,'00:04'),
 (2019,35,347,'B',0,3.943,3.943,0.5,0.5,0.25,0.71954857628842,0.05,99.2875,3.943,'00:12'),
 (2020,35,322,'B',0,3.943,3.321,0.650673280579215,0.349326719420785,0.227297562519497,0.68061376462623,0.04,91.5125,3.321,'00:09'),
 (2021,35,330,'B',0,3.321,3.012,0.576641153727507,0.423358846272494,0.244126133555317,0.645113333165286,0.04,87.65,3.012,'00:04'),
 (2022,35,346,'C',1,3.012,2.721,0.572240931843387,0.427759068156613,0.244781247766399,0.614569013527089,0.03,84.0125,2.721,'00:05'),
 (2023,35,420,'A',1,2.721,2.911,0.452642381856911,0.547357618143089,0.247757256003813,0.587686935397904,0.03,86.3875,2.911,'00:02'),
 (2024,35,397,'A',0,2.911,3.091,0.45512110762642,0.54487889237358,0.247985885019321,0.564029016112918,0.02,88.6375,3.091,'00:05'),
 (2025,35,188,'A',0,3.091,2.819,0.567583836010037,0.432416163989963,0.245432425110168,0.543220476293579,0.02,85.2375,2.819,'00:03'),
 (2026,35,341,'B',0,2.819,2.435,0.594837490890115,0.405162509109885,0.241005850321667,0.524876903614798,0.02,80.4375,2.435,'00:02'),
 (2027,35,386,'A',1,2.435,1.943,0.620577467927091,0.379422532072909,0.235461074228291,0.508638777515017,0.02,74.2875,1.943,'00:01'),
 (2028,35,392,'A',0,1.943,2.081,0.46555464743179,0.53444535256821,0.248813517686452,0.493018107268624,0.02,76.0125,2.081,'00:01'),
 (2029,35,237,'A',0,2.081,1.796,0.570771611894492,0.429228388105508,0.244991378949855,0.478963356870152,0.01,72.45,1.796,'00:02'),
 (2030,36,231,'A',0,2,1.955,0.511248101946855,0.488751898053145,0.249873480202593,2.00050627135778,2,74.4375,1.955,'00:07'),
 (2031,36,376,'D',1,1.955,1.345,0.64794080208065,0.35205919791935,0.228113519079734,1.44641180535028,0.55,66.8125,1.345,'00:06'),
 (2032,36,386,'A',1,1.345,1.943,0.354801395436818,0.645198604563182,0.228917365232905,1.18937736300834,0.26,74.2875,1.943,'00:01'),
 (2033,36,392,'C',1,1.943,2.081,0.46555464743179,0.53444535256821,0.248813517686452,1.02290462905228,0.17,76.0125,2.081,'00:03'),
 (2034,36,333,'B',1,2.081,2.321,0.440286350732807,0.559713649267193,0.246434280091195,0.91205342597246,0.11,79.0125,2.321,'00:03'),
 (2035,36,341,'D',1,2.321,2.435,0.471530825439878,0.528469174560122,0.249189506099865,0.830070859800624,0.08,80.4375,2.435,'00:04'),
 (2036,36,420,'B',0,2.435,2.911,0.383197110802891,0.616802889197109,0.236357085075208,0.769755029444831,0.06,86.3875,2.911,'00:04'),
 (2037,36,402,'A',0,2.911,2.61,0.574686956906244,0.425313043093756,0.244421858468085,0.719420622997692,0.05,82.625,2.61,'00:06'),
 (2038,36,264,'B',1,2.61,2.141,0.61514704250921,0.38485295749079,0.236741158601382,0.679022340355169,0.04,76.7625,2.141,'00:04'),
 (2039,36,280,'B',0,2.141,2.268,0.468292605928051,0.531707394071949,0.248994641161166,0.643109236377553,0.04,78.35,2.268,'00:05'),
 (2040,36,288,'A',1,2.268,1.379,0.708683764570914,0.291316235429086,0.206451086404512,0.617294829569778,0.03,67.2375,1.379,'00:02'),
 (2041,36,317,'A',1,1.379,1.532,0.461824441931238,0.538175558068762,0.248542626766139,0.589988457440972,0.03,69.15,1.532,'00:02'),
 (2042,36,232,'A',0,1.532,1.635,0.47427274102019,0.52572725897981,0.249338108145386,0.56594008891182,0.02,70.4375,1.635,'00:01'),
 (2043,36,210,'C',1,1.635,1.286,0.586375060536162,0.413624939463838,0.242539348917374,0.545161334379221,0.02,66.075,1.286,'00:05'),
 (2044,36,423,'B',0,1.286,3.091,0.141243507445075,0.858756492554925,0.121293779049688,0.535593105694847,0.01,88.6375,3.091,'00:10'),
 (2061,37,203,'A',0,0,-0.008,0.501999989333402,0.498000010666598,0.249996000042666,2.00001600002133,2,49.9,-0.00800000000000001,'00:02'),
 (2062,37,215,'C',1,-0.00800000000000001,-0.259,0.562422619645223,0.437577380354777,0.246103416556628,1.41976230651663,0.58,46.7625,-0.259,'00:04'),
 (2063,37,253,'C',1,-0.259,0.476,0.324098472274059,0.675901527725941,0.21905865254368,1.18249408883292,0.24,55.95,0.476,'00:03'),
 (2064,37,311,'B',1,0.476,0.747,0.432661612983003,0.567338387016997,0.245465541633949,1.0202893927398,0.16,59.3375,0.747,'00:03'),
 (2065,37,198,'C',1,0.747,0.941,0.451651541849306,0.548348458150694,0.247662426594451,0.909735456667619,0.11,61.7625,0.941,'00:03'),
 (2066,37,412,'A',1,0.941,1.091,0.46257015465625,0.53742984534375,0.248599006677543,0.828490165433979,0.08,63.6375,1.091,'00:03'),
 (2067,37,288,'B',0,1.091,1.379,0.428493570532444,0.571506429467556,0.244886830544801,0.766565605205145,0.06,67.2375,1.379,'00:04'),
 (2068,37,404,'B',1,1.379,1.135,0.560699149682253,0.439300850317747,0.246315613227851,0.716466306521112,0.05,64.1875,1.135,'00:07'),
 (2069,37,193,'A',0,1.135,1.316,0.454873132890897,0.545126867109103,0.247963565864917,0.674805764420111,0.04,66.45,1.316,'00:03'),
 (2070,37,384,'C',1,1.316,1.092,0.555767014292628,0.444232985707372,0.246890040116886,0.63979891975818,0.04,63.65,1.092,'00:03'),
 (2071,37,386,'A',1,1.092,1.943,0.29922312678724,0.70077687321276,0.209688647182907,0.613990544055756,0.03,74.2875,1.943,'00:01'),
 (2072,37,392,'A',0,1.943,2.081,0.46555464743179,0.53444535256821,0.248813517686452,0.587074151503179,0.03,76.0125,2.081,'00:02'),
 (2073,37,237,'A',0,2.081,1.796,0.570771611894492,0.429228388105508,0.244991378949855,0.563755306492003,0.02,72.45,1.796,'00:05'),
 (2074,37,376,'D',1,1.796,1.345,0.610876966586765,0.389123033413235,0.237706298280517,0.543595407906227,0.02,66.8125,1.345,'00:06'),
 (2075,37,420,'A',1,1.345,2.911,0.172787371228056,0.827212628771944,0.142931895572154,0.532467109039604,0.01,86.3875,2.911,'00:02'),
 (2076,55,398,'C',1,3,2.991,0.502249984812623,0.497750015187377,0.249994937568343,2.00002025003417,2,87.3875,2.991,'00:07'),
 (2077,55,334,'A',0,2.991,3.143,0.462072994025907,0.537927005974093,0.248561542217841,1.41625943920118,0.58,89.2875,3.143,'00:02'),
 (2078,55,346,'C',1,3.143,2.721,0.603961733109224,0.396038266890776,0.239191958048926,1.1642489387124,0.25,84.0125,2.721,'00:06'),
 (2079,55,420,'B',0,2.721,2.911,0.452642381856911,0.547357618143089,0.247757256003813,1.00732689872354,0.16,86.3875,2.911,'00:03'),
 (2080,55,402,'A',0,2.911,2.61,0.574686956906244,0.425313043093756,0.244421858468085,0.901696190265288,0.11,82.625,2.61,'00:04'),
 (2081,55,333,'A',0,2.61,2.321,0.571751298767965,0.428248701232035,0.24485175112511,0.823448576058037,0.08,79.0125,2.321,'00:02'),
 (2082,55,383,'C',1,2.321,2.109,0.552802385444694,0.447197614555306,0.24721190809135,0.762051872722249,0.06,76.3625,2.109,'00:04'),
 (2083,55,423,'A',1,2.109,3.091,0.272495120245991,0.727504879754009,0.198241529688114,0.72164409918693,0.04,88.6375,3.091,'00:03'),
 (2084,55,319,'B',0,3.091,3.231,0.465057054841786,0.534942945158214,0.24877899058367,0.678998866806627,0.04,90.3875,3.231,'00:07'),
 (2085,55,330,'B',0,3.231,3.012,0.554532222361229,0.445467777638771,0.247026236724346,0.643351210562706,0.04,87.65,3.012,'00:06'),
 (2086,55,341,'D',1,3.012,2.435,0.64037681463221,0.35962318536779,0.230294349913714,0.614720660283672,0.03,80.4375,2.435,'00:06'),
 (2087,55,353,'A',0,2.435,3.109,0.337601753310055,0.662398246689945,0.223626809472032,0.590285539287773,0.02,88.8625,3.109,'00:04'),
 (2088,55,368,'A',0,3.109,2.409,0.668187772168166,0.331812227831834,0.221712873293109,0.568726275701406,0.02,80.1125,2.409,'00:01'),
 (2089,55,264,'A',0,2.409,2.141,0.566601842151274,0.433398157848726,0.245564194622057,0.547402185936662,0.02,76.7625,2.141,'00:01'),
 (2090,55,385,'A',1,2.141,1.907,0.55823451807811,0.44176548192189,0.24660874090421,0.528232836437425,0.02,73.8375,1.907,'00:03'),
 (2091,55,387,'A',1,1.907,3.491,0.170229730227525,0.829770269772475,0.141251569174189,0.518121048551688,0.01,93.6375,3.491,'00:02'),
 (2092,38,231,'A',0,2,1.955,0.511248101946855,0.488751898053145,0.249873480202593,2.00050627135778,2,74.4375,1.955,'00:04'),
 (2093,38,376,'D',1,1.955,1.345,0.64794080208065,0.35205919791935,0.228113519079734,1.44641180535028,0.55,66.8125,1.345,'00:04'),
 (2094,38,386,'A',1,1.345,1.943,0.354801395436818,0.645198604563182,0.228917365232905,1.18937736300834,0.26,74.2875,1.943,'00:01'),
 (2095,38,392,'C',1,1.943,2.081,0.46555464743179,0.53444535256821,0.248813517686452,1.02290462905228,0.17,76.0125,2.081,'00:03'),
 (2096,38,333,'B',1,2.081,2.321,0.440286350732807,0.559713649267193,0.246434280091195,0.91205342597246,0.11,79.0125,2.321,'00:02'),
 (2097,38,341,'B',0,2.321,2.435,0.471530825439878,0.528469174560122,0.249189506099865,0.830070859800624,0.08,80.4375,2.435,'00:03'),
 (2098,38,288,'A',1,2.435,1.379,0.741925398350274,0.258074601649726,0.191472101633061,0.780199796643876,0.05,67.2375,1.379,'00:07'),
 (2099,38,317,'A',1,1.379,1.532,0.461824441931238,0.538175558068762,0.248542626766139,0.727132093710767,0.05,69.15,1.532,'00:02'),
 (2100,38,232,'A',0,1.532,1.635,0.47427274102019,0.52572725897981,0.249338108145386,0.683475030230977,0.04,70.4375,1.635,'00:01'),
 (2101,38,210,'C',1,1.635,1.286,0.586375060536162,0.413624939463838,0.242539348917374,0.647763794486607,0.04,66.075,1.286,'00:04'),
 (2102,38,420,'A',1,1.286,2.911,0.164516462896563,0.835483537103437,0.137450796332567,0.629855232551686,0.02,86.3875,2.911,'00:03'),
 (2103,38,397,'C',0,2.911,3.091,0.45512110762642,0.54487889237358,0.247985885019321,0.600986007409542,0.03,88.6375,3.091,'00:06'),
 (2104,38,188,'A',0,3.091,2.819,0.567583836010037,0.432416163989963,0.245432425110168,0.575997977167184,0.02,85.2375,2.819,'00:01'),
 (2105,38,418,'A',0,2.819,2.301,0.626679980622269,0.373320019377731,0.233952182509541,0.554866241930278,0.02,78.7625,2.301,'00:04'),
 (2106,38,351,'A',1,2.301,1.043,0.778681626793907,0.221318373206093,0.172336550887501,0.540707107641828,0.01,63.0375,1.043,'00:02'),
 (2107,39,203,'A',0,0,-0.008,0.501999989333402,0.498000010666598,0.249996000042666,2.00001600002133,2,49.9,-0.00800000000000001,'00:03'),
 (2108,39,215,'B',0,-0.00800000000000001,-0.259,0.562422619645223,0.437577380354777,0.246103416556628,1.41976230651663,0.58,46.7625,-0.259,'00:11'),
 (2109,39,183,'B',1,-0.259,-0.531,0.567583836010037,0.432416163989963,0.245432425110168,1.161275056412,0.26,43.3625,-0.531,'00:03'),
 (2110,39,315,'C',1,-0.531,-0.132,0.401552624326375,0.598447375673625,0.240308114222976,1.00920559401412,0.15,48.35,-0.132,'00:04'),
 (2111,39,187,'B',1,-0.132,-0.024,0.473026213425085,0.526973786574915,0.249272414837811,0.901262191108579,0.11,49.7,-0.024,'00:01'),
 (2112,39,278,'A',1,-0.024,0.216,0.440286350732807,0.559713649267193,0.246434280091195,0.822677082212185,0.08,52.7,0.216,'00:01'),
 (2113,39,253,'C',1,0.216,0.476,0.435363708196971,0.564636291803029,0.245822149781954,0.761747235594479,0.06,55.95,0.476,'00:03'),
 (2114,39,311,'C',0,0.476,0.747,0.432661612983003,0.567338387016997,0.245465541633949,0.712681379442198,0.05,59.3375,0.747,'00:04'),
 (2115,39,27,'B',1,0.747,0.485,0.56512787239084,0.43487212760916,0.245758360237842,0.671974925396698,0.04,56.0625,0.485,'00:04'),
 (2116,39,176,'A',1,0.485,0.657,0.457105696651369,0.542894303348631,0.248160078740236,0.637220282656962,0.03,58.2125,0.657,'00:02'),
 (2117,39,252,'C',0,0.657,0.994,0.416538396489769,0.583461603510231,0.243034160739501,0.607929476937865,0.03,62.425,0.994,'00:07'),
 (2118,39,389,'A',1,0.994,0.789,0.551071269307342,0.448928730692658,0.247391725451337,0.581909086439642,0.03,59.8625,0.789,'00:01'),
 (2119,39,198,'A',0,0.789,0.941,0.462072994025907,0.537927005974093,0.248561542217841,0.558865055283515,0.02,61.7625,0.941,'00:03'),
 (2120,39,301,'A',0,0.941,0.727,0.553296756888103,0.446703243111897,0.24715945570521,0.538467777709335,0.02,59.0875,0.727,'00:01'),
 (2121,39,220,'A',0,0.727,-0.174,0.711154959574184,0.288845040425816,0.205413583047225,0.523114928282237,0.02,47.825,-0.174,'00:05'),
 (2122,39,257,'B',1,-0.174,-0.668,0.621048276380829,0.378951723619171,0.23534731478523,0.507042248999414,0.02,41.65,-0.668,'00:05'),
 (2123,39,207,'A',0,-0.668,-0.566,0.474522085522507,0.525477914477493,0.249350875873878,0.491531875373235,0.02,42.925,-0.566,'00:01'),
 (2124,39,178,'A',0,-0.566,-0.809,0.560452819137498,0.439547180862502,0.246345456658329,0.477526555821138,0.01,39.8875,-0.809,'00:03'),
 (2143,41,231,'A',0,2,1.955,0.511248101946855,0.488751898053145,0.249873480202593,2.00050627135778,2,74.4375,1.955,'00:04'),
 (2144,41,376,'D',1,1.955,1.345,0.64794080208065,0.35205919791935,0.228113519079734,1.44641180535028,0.55,66.8125,1.345,'00:04'),
 (2145,41,386,'A',1,1.345,1.943,0.354801395436818,0.645198604563182,0.228917365232905,1.18937736300834,0.26,74.2875,1.943,'00:03'),
 (2146,41,392,'B',0,1.943,2.081,0.46555464743179,0.53444535256821,0.248813517686452,1.02290462905228,0.17,76.0125,2.081,'00:05'),
 (2147,41,237,'C',0,2.081,1.796,0.570771611894492,0.429228388105508,0.244991378949855,0.912601272085855,0.11,72.45,1.796,'00:07'),
 (2148,41,210,'C',1,1.796,1.286,0.624806474468429,0.375193525531571,0.234423343930761,0.834745303564313,0.08,66.075,1.286,'00:06'),
 (2149,41,420,'A',1,1.286,2.911,0.164516462896563,0.835483537103437,0.137450796332567,0.797431076247596,0.04,86.3875,2.911,'00:04'),
 (2150,41,397,'D',1,2.911,3.091,0.45512110762642,0.54487889237358,0.247985885019321,0.74113341440546,0.06,88.6375,3.091,'00:06'),
 (2151,41,332,'A',0,3.091,3.328,0.441025785481546,0.558974214518454,0.246522042021931,0.695536887325511,0.05,91.6,3.328,'00:02'),
 (2152,41,343,'B',1,3.328,3.101,0.556507559963506,0.443492440036494,0.246806895666971,0.657397235757321,0.04,88.7625,3.101,'00:03'),
 (2153,41,387,'A',1,3.101,3.491,0.403717300703212,0.596282699296788,0.240729641816124,0.62565681199955,0.03,93.6375,3.491,'00:05'),
 (2154,41,326,'B',0,3.491,3.703,0.447197614555306,0.552802385444694,0.24721190809135,0.597418066496335,0.03,96.2875,3.703,'00:05'),
 (2155,41,334,'C',0,3.703,3.143,0.636452540281567,0.363547459718434,0.231380704250707,0.574179933033922,0.02,89.2875,3.143,'00:07'),
 (2156,41,346,'B',0,3.143,2.721,0.603961733109224,0.396038266890776,0.239191958048926,0.552797388589292,0.02,84.0125,2.721,'00:09'),
 (2157,41,288,'A',1,2.721,1.379,0.792818648312201,0.2071813516878,0.164257239200616,0.539425042677911,0.01,67.2375,1.379,'00:04'),
 (2158,42,398,'C',1,3,2.991,0.502249984812623,0.497750015187377,0.249994937568343,2.00002025003417,2,87.3875,2.991,'00:05'),
 (2159,42,334,'A',0,2.991,3.143,0.462072994025907,0.537927005974093,0.248561542217841,1.41625943920118,0.58,89.2875,3.143,'00:03'),
 (2160,42,346,'C',1,3.143,2.721,0.603961733109224,0.396038266890776,0.239191958048926,1.1642489387124,0.25,84.0125,2.721,'00:06'),
 (2161,42,420,'A',1,2.721,2.911,0.452642381856911,0.547357618143089,0.247757256003813,1.00732689872354,0.16,86.3875,2.911,'00:03'),
 (2162,42,397,'D',1,2.911,3.091,0.45512110762642,0.54487889237358,0.247985885019321,0.900392576217006,0.11,88.6375,3.091,'00:06'),
 (2163,42,332,'A',0,3.091,3.328,0.441025785481546,0.558974214518454,0.246522042021931,0.821991154020957,0.08,91.6,3.328,'00:02'),
 (2164,42,343,'B',1,3.328,3.101,0.556507559963506,0.443492440036494,0.246806895666971,0.760985532142361,0.06,88.7625,3.101,'00:03'),
 (2165,42,387,'A',1,3.101,3.491,0.403717300703212,0.596282699296788,0.240729641816124,0.712913918539695,0.05,93.6375,3.491,'00:03'),
 (2166,42,326,'A',0,3.491,3.703,0.447197614555306,0.552802385444694,0.24721190809135,0.671949231779736,0.04,96.2875,3.703,'00:05'),
 (2167,42,330,'B',0,3.703,3.012,0.66618934479847,0.33381065520153,0.222381101675455,0.640559503509858,0.03,87.65,3.012,'00:04'),
 (2168,42,341,'D',1,3.012,2.435,0.64037681463221,0.35962318536779,0.230294349913714,0.612283945854721,0.03,80.4375,2.435,'00:04'),
 (2169,42,423,'A',1,2.435,3.091,0.341638727638786,0.658361272361214,0.224921707416137,0.58799534072944,0.02,88.6375,3.091,'00:18'),
 (2170,42,319,'C',1,3.091,3.231,0.465057054841786,0.534942945158214,0.24877899058367,0.564230393540797,0.02,90.3875,3.231,'00:25'),
 (2171,42,189,'B',0,3.231,3.671,0.391740969253486,0.608259030746514,0.238279982261825,0.543975112637986,0.02,95.8875,3.671,'00:05'),
 (2172,42,382,'C',0,3.671,3.091,0.641067406334817,0.358932593665183,0.230099986869968,0.526350915808402,0.02,88.6375,3.091,'00:05'),
 (2173,42,386,'A',1,3.091,1.943,0.759145419201664,0.240854580798336,0.182843651706794,0.513505519709939,0.01,74.2875,1.943,'00:02'),
 (2192,44,407,'A',0,-2,-2.091,0.522734313593952,0.477265686406048,0.249483150985412,2.0020706071859,2,23.8625,-2.091,'00:09'),
 (2193,44,375,'D',1,-2.091,-2.324,0.557987894995782,0.442012105004218,0.246637404033958,1.4197320599854,0.58,20.95,-2.324,'00:04'),
 (2194,44,221,'B',1,-2.324,-1.672,0.342538983530784,0.657461016469216,0.225206028292481,1.17742711006742,0.24,29.1,-1.672,'00:04'),
 (2195,44,173,'C',1,-1.672,-1.514,0.460581968546467,0.539418031453533,0.248446218796328,1.01546509556666,0.16,31.075,-1.514,'00:03'),
 (2196,44,190,'C',1,-1.514,-1.356,0.460581968546467,0.539418031453533,0.248446218796328,0.906019013804377,0.11,33.05,-1.356,'00:04'),
 (2197,44,348,'D',1,-1.356,-1.201,0.461327394793492,0.538672605206508,0.248504429606542,0.825706839860149,0.08,34.9875,-1.201,'00:03'),
 (2198,44,354,'A',0,-1.201,-1.054,0.463316034871416,0.536683965128584,0.248654286702445,0.763519468485263,0.06,36.825,-1.054,'00:05'),
 (2199,44,270,'B',1,-1.054,-1.267,0.553049584279497,0.446950415720503,0.247185741607773,0.713819065782904,0.05,34.1625,-1.267,'00:04'),
 (2200,44,241,'A',0,-1.267,-1.16,0.473275492543152,0.526724507456848,0.249285800701189,0.672391531580387,0.04,35.5,-1.16,'00:02'),
 (2201,44,424,'B',1,-1.16,-1.514,0.587587231248801,0.412412768751199,0.242328476922169,0.638332552338273,0.03,31.075,-1.514,'00:05'),
 (2202,44,422,'B',1,-1.514,-1.329,0.45388145895422,0.54611854104578,0.247873080171809,0.608349621514102,0.03,33.3875,-1.329,'00:03'),
 (2203,44,307,'A',0,-1.329,-1.205,0.469039660352691,0.530960339647309,0.249041457368923,0.582114750147507,0.03,34.9375,-1.205,'00:03'),
 (2204,44,239,'A',0,-1.205,-1.442,0.558974214518454,0.441025785481546,0.246522042021931,0.559225490134698,0.02,31.975,-1.442,'00:02'),
 (2205,44,336,'A',1,-1.442,-2.103,0.659484988791402,0.340515011208598,0.224564538350206,0.540565901189833,0.02,23.7125,-2.103,'00:03'),
 (2206,44,421,'B',0,-2.103,-1.231,0.294838314085742,0.705161685914258,0.207908682632819,0.524857551237068,0.02,34.6125,-1.231,'00:04'),
 (2207,44,230,'A',0,-1.231,-1.493,0.56512787239084,0.43487212760916,0.245758360237842,0.507945068512106,0.02,31.3375,-1.493,'00:05'),
 (2208,44,236,'B',0,-1.493,-1.817,0.580298772289148,0.419701227710852,0.243552107168855,0.492700634785591,0.02,27.2875,-1.817,'00:03'),
 (2209,44,245,'D',1,-1.817,-2.182,0.590250251930183,0.409749748069817,0.241854892026538,0.47884434572413,0.01,22.725,-2.182,'00:08'),
 (2244,47,203,'C',0,0,-0.008,0.501999989333402,0.498000010666598,0.249996000042666,2.00001600002133,2,49.9,-0.00800000000000001,'00:05'),
 (2245,47,215,'C',1,-0.00800000000000001,-0.259,0.562422619645223,0.437577380354777,0.246103416556628,1.41976230651663,0.58,46.7625,-0.259,'00:06'),
 (2246,47,253,'C',1,-0.259,0.476,0.324098472274059,0.675901527725941,0.21905865254368,1.18249408883292,0.24,55.95,0.476,'00:04'),
 (2247,47,311,'B',1,0.476,0.747,0.432661612983003,0.567338387016997,0.245465541633949,1.0202893927398,0.16,59.3375,0.747,'00:02'),
 (2248,47,198,'C',1,0.747,0.941,0.451651541849306,0.548348458150694,0.247662426594451,0.909735456667619,0.11,61.7625,0.941,'00:03'),
 (2249,47,412,'A',1,0.941,1.091,0.46257015465625,0.53742984534375,0.248599006677543,0.828490165433979,0.08,63.6375,1.091,'00:03'),
 (2250,47,288,'B',0,1.091,1.379,0.428493570532444,0.571506429467556,0.244886830544801,0.766565605205145,0.06,67.2375,1.379,'00:03'),
 (2251,47,404,'B',1,1.379,1.135,0.560699149682253,0.439300850317747,0.246315613227851,0.716466306521112,0.05,64.1875,1.135,'00:03'),
 (2252,47,193,'B',0,1.135,1.316,0.454873132890897,0.545126867109103,0.247963565864917,0.674805764420111,0.04,66.45,1.316,'00:02'),
 (2253,47,384,'A',0,1.316,1.092,0.555767014292628,0.444232985707372,0.246890040116886,0.63979891975818,0.04,63.65,1.092,'00:03'),
 (2254,47,223,'A',0,1.092,0.756,0.583218549084033,0.416781450915967,0.243074673088348,0.610162792751968,0.03,59.45,0.756,'00:01'),
 (2255,47,170,'A',1,0.756,0.54,0.553791022949202,0.446208977050798,0.247106525850078,0.583895212861071,0.03,56.75,0.54,'00:02'),
 (2256,47,238,'B',0,0.54,0.675,0.466301164567099,0.533698835432901,0.248864388490466,0.560597067020037,0.02,58.4375,0.675,'00:07'),
 (2257,47,247,'A',0,0.675,0.278,0.597966664955999,0.402033335044001,0.240402532557399,0.540549289392535,0.02,53.475,0.278,'00:02'),
 (2258,47,220,'A',0,0.278,-0.174,0.61111464651201,0.38888535348799,0.237653535330511,0.522705320876293,0.02,47.825,-0.174,'00:02'),
 (2259,47,257,'A',0,-0.174,-0.668,0.621048276380829,0.378951723619171,0.23534731478523,0.506669222435199,0.02,41.65,-0.668,'00:01'),
 (2260,47,408,'B',0,-0.668,-1.091,0.604200900183119,0.395799099816881,0.239142172401028,0.49179805723271,0.01,36.3625,-1.091,'00:03'),
 (2279,49,398,'A',0,3,2.991,0.502249984812623,0.497750015187377,0.249994937568343,2.00002025003417,2,87.3875,2.991,'00:07'),
 (2280,49,333,'A',0,2.991,2.321,0.661503159202952,0.338496840797048,0.223916729567466,1.45261759292808,0.55,79.0125,2.321,'00:07'),
 (2281,49,383,'A',0,2.321,2.109,0.552802385444694,0.447197614555306,0.24721190809135,1.17759283090261,0.28,76.3625,2.109,'00:03'),
 (2282,49,288,'A',1,2.109,1.379,0.674805272582313,0.325194727417687,0.219443116677423,1.03111048353345,0.15,67.2375,1.379,'00:02'),
 (2283,49,317,'A',1,1.379,1.532,0.461824441931238,0.538175558068762,0.248542626766139,0.917041751170892,0.11,69.15,1.532,'00:02'),
 (2284,49,232,'C',1,1.532,1.635,0.47427274102019,0.52572725897981,0.249338108145386,0.833782936855647,0.08,70.4375,1.635,'00:03'),
 (2285,49,250,'D',1,1.635,1.772,0.465803469499505,0.534196530500495,0.248830597301729,0.769850994170954,0.06,72.15,1.772,'00:03'),
 (2286,49,386,'A',1,1.772,1.943,0.457353867354538,0.542646132645462,0.248181307370386,0.718799845177675,0.05,74.2875,1.943,'00:01'),
 (2287,49,392,'C',1,1.943,2.081,0.46555464743179,0.53444535256821,0.248813517686452,0.676622688216448,0.04,76.0125,2.081,'00:03'),
 (2288,49,191,'A',0,2.081,2.812,0.324975322672399,0.675024677327601,0.219366362326369,0.645008384207351,0.03,85.15,2.812,'00:01'),
 (2289,49,341,'A',0,2.812,2.435,0.593149336128624,0.406850663871376,0.241323201178797,0.614879830855443,0.03,80.4375,2.435,'00:02'),
 (2290,49,351,'A',1,2.435,1.043,0.800911339815716,0.199088660184284,0.159452365570311,0.597143729878209,0.02,63.0375,1.043,'00:01'),
 (2291,49,357,'A',0,1.043,1.212,0.457850272143299,0.542149727856701,0.248223400441606,0.572350852765628,0.02,65.15,1.212,'00:03'),
 (2292,49,233,'A',1,1.212,0.942,0.567092904965454,0.432907095034546,0.245498542103297,0.550637357715508,0.02,61.775,0.942,'00:01'),
 (2293,49,412,'A',1,0.942,1.091,0.462818762947581,0.537181237052419,0.248617555611252,0.530987685866708,0.02,63.6375,1.091,'00:03'),
 (2294,49,420,'B',0,1.091,2.911,0.13943387296165,0.86056612703835,0.119992068032565,0.522227293819643,0.01,86.3875,2.911,'00:04'),
 (2331,52,407,'A',0,-2,-2.091,0.522734313593952,0.477265686406048,0.249483150985412,2.0020706071859,2,23.8625,-2.091,'00:04'),
 (2332,52,375,'D',1,-2.091,-2.324,0.557987894995782,0.442012105004218,0.246637404033958,1.4197320599854,0.58,20.95,-2.324,'00:03'),
 (2333,52,221,'B',1,-2.324,-1.672,0.342538983530784,0.657461016469216,0.225206028292481,1.17742711006742,0.24,29.1,-1.672,'00:03'),
 (2334,52,173,'C',1,-1.672,-1.514,0.460581968546467,0.539418031453533,0.248446218796328,1.01546509556666,0.16,31.075,-1.514,'00:03'),
 (2335,52,190,'C',1,-1.514,-1.356,0.460581968546467,0.539418031453533,0.248446218796328,0.906019013804377,0.11,33.05,-1.356,'00:03'),
 (2336,52,348,'D',1,-1.356,-1.201,0.461327394793492,0.538672605206508,0.248504429606542,0.825706839860149,0.08,34.9875,-1.201,'00:04'),
 (2337,52,354,'A',0,-1.201,-1.054,0.463316034871416,0.536683965128584,0.248654286702445,0.763519468485263,0.06,36.825,-1.054,'00:01'),
 (2338,52,270,'B',1,-1.054,-1.267,0.553049584279497,0.446950415720503,0.247185741607773,0.713819065782904,0.05,34.1625,-1.267,'00:04'),
 (2339,52,241,'A',0,-1.267,-1.16,0.473275492543152,0.526724507456848,0.249285800701189,0.672391531580387,0.04,35.5,-1.16,'00:01'),
 (2340,52,424,'B',1,-1.16,-1.514,0.587587231248801,0.412412768751199,0.242328476922169,0.638332552338273,0.03,31.075,-1.514,'00:05'),
 (2341,52,422,'B',1,-1.514,-1.329,0.45388145895422,0.54611854104578,0.247873080171809,0.608349621514102,0.03,33.3875,-1.329,'00:03'),
 (2342,52,307,'A',0,-1.329,-1.205,0.469039660352691,0.530960339647309,0.249041457368923,0.582114750147507,0.03,34.9375,-1.205,'00:01'),
 (2343,52,239,'A',0,-1.205,-1.442,0.558974214518454,0.441025785481546,0.246522042021931,0.559225490134698,0.02,31.975,-1.442,'00:02'),
 (2345,52,336,'A',1,-2.103,-2.103,0.5,0.5,0.25,0.521840865826289,0.02,23.7125,-2.103,'00:12'),
 (2346,52,297,'A',0,-2.103,-1.956,0.463316034871416,0.536683965128584,0.248654286702445,0.505022606100761,0.02,25.55,-1.956,'00:02'),
 (2347,52,240,'B',0,-1.956,-2.589,0.653169391528382,0.346830608471618,0.226539137498825,0.491036175695393,0.01,17.6375,-2.589,'00:03'),
 (2366,56,231,'A',0,2,1.955,0.511248101946855,0.488751898053145,0.249873480202593,2.00050627135778,2,74.4375,1.955,'00:05'),
 (2367,56,376,'D',1,1.955,1.345,0.64794080208065,0.35205919791935,0.228113519079734,1.44641180535028,0.55,66.8125,1.345,'00:06'),
 (2368,56,386,'A',1,1.345,1.943,0.354801395436818,0.645198604563182,0.228917365232905,1.18937736300834,0.26,74.2875,1.943,'00:01'),
 (2369,56,392,'C',1,1.943,2.081,0.46555464743179,0.53444535256821,0.248813517686452,1.02290462905228,0.17,76.0125,2.081,'00:03'),
 (2370,56,333,'B',1,2.081,2.321,0.440286350732807,0.559713649267193,0.246434280091195,0.91205342597246,0.11,79.0125,2.321,'00:03'),
 (2371,56,341,'D',1,2.321,2.435,0.471530825439878,0.528469174560122,0.249189506099865,0.830070859800624,0.08,80.4375,2.435,'00:05'),
 (2373,56,397,'C',0,2.911,3.091,0.45512110762642,0.54487889237358,0.247985885019321,0.718758011051983,0.05,88.6375,3.091,'00:15'),
 (2374,56,188,'A',0,3.091,2.819,0.567583836010037,0.432416163989963,0.245432425110168,0.677112002694248,0.04,85.2375,2.819,'00:07'),
 (2375,56,420,'A',1,2.819,2.911,0.477016208947552,0.522983791052448,0.249471745348857,0.641422592826883,0.04,86.3875,2.911,'00:59'),
 (2376,56,423,'B',0,2.911,3.091,0.45512110762642,0.54487889237358,0.247985885019321,0.611009720225875,0.03,88.6375,3.091,'00:05'),
 (2377,56,402,'A',0,3.091,2.61,0.617983982386391,0.382016017613609,0.236079779900248,0.585742128817151,0.03,82.625,2.61,'00:16'),
 (2378,56,264,'B',1,2.61,2.141,0.61514704250921,0.38485295749079,0.236741158601382,0.563311393849269,0.02,76.7625,2.141,'00:06'),
 (2379,56,280,'A',0,2.141,2.268,0.468292605928051,0.531707394071949,0.248994641161166,0.542295021403614,0.02,78.35,2.268,'00:01'),
 (2380,56,288,'B',0,2.268,1.379,0.708683764570914,0.291316235429086,0.206451086404512,0.526546195820444,0.02,67.2375,1.379,'00:03'),
 (2381,56,404,'A',0,1.379,1.135,0.560699149682253,0.439300850317747,0.246315613227851,0.509438366276564,0.02,64.1875,1.135,'00:04'),
 (2382,56,273,'A',1,1.135,0.808,0.581029252092901,0.418970747907099,0.243434260305265,0.494070227618816,0.02,60.1,0.808,'00:01'),
 (2383,56,282,'B',0,0.808,0.91,0.474522085522507,0.525477914477493,0.249350875873878,0.479687091357011,0.01,61.375,0.91,'00:03'),
 (2400,58,231,'A',0,2,1.955,0.511248101946855,0.488751898053145,0.249873480202593,2.00050627135778,2,74.4375,1.955,'00:03'),
 (2401,58,232,'A',0,1.955,1.635,0.579324252148749,0.420675747851251,0.243707663021042,1.42337954439437,0.58,70.4375,1.635,'00:10'),
 (2402,58,325,'C',1,1.635,1.432,0.5505764354778,0.4494235645222,0.24744202417436,1.1616735658496,0.26,67.9,1.432,'00:03'),
 (2403,58,317,'A',1,1.432,1.532,0.47502081252106,0.52497918747894,0.249376040192892,1.00483524080206,0.16,69.15,1.532,'00:01'),
 (2404,58,250,'D',1,1.532,1.772,0.440286350732807,0.559713649267193,0.246434280091195,0.899175328597808,0.11,72.15,1.772,'00:04'),
 (2405,58,356,'D',1,1.772,1.873,0.474771442730703,0.525228557269297,0.24936351989811,0.820279406905127,0.08,73.4125,1.873,'00:04'),
 (2406,58,344,'A',1,1.873,2.012,0.465305842505011,0.53469415749499,0.248796315435713,0.759191078840212,0.06,75.15,2.012,'00:01'),
 (2407,58,264,'A',0,2.012,2.141,0.467794648389587,0.532205351610413,0.24896281532765,0.709960140641464,0.05,76.7625,2.141,'00:07'),
 (2408,58,385,'A',1,2.141,1.907,0.55823451807811,0.44176548192189,0.24660874090421,0.66956473213906,0.04,73.8375,1.907,'00:02'),
 (2409,58,380,'B',1,1.907,2.019,0.472029232664427,0.527970767335573,0.249217636174659,0.635028480147881,0.03,75.2375,2.019,'00:03'),
 (2410,58,370,'D',1,2.019,2.156,0.465803469499505,0.534196530500495,0.248830597301729,0.605381324301602,0.03,76.95,2.156,'00:04'),
 (2411,58,280,'A',0,2.156,2.268,0.472029232664427,0.527970767335573,0.249217636174659,0.579495402721008,0.03,78.35,2.268,'00:01'),
 (2412,58,352,'A',0,2.268,2.054,0.553296756888103,0.446703243111897,0.24715945570521,0.556846892054813,0.02,75.675,2.054,'00:02'),
 (2413,58,248,'D',1,2.054,1.805,0.561930351518867,0.438069648481133,0.24616463156075,0.536738819625785,0.02,72.5625,1.805,'00:04'),
 (2414,58,391,'D',1,1.805,1.905,0.47502081252106,0.52497918747894,0.249376040192892,0.518438855817789,0.02,73.8125,1.905,'00:02'),
 (2415,58,342,'A',0,1.905,2.031,0.468541608443683,0.531458391556317,0.249010369600689,0.501914613481604,0.02,75.3875,2.031,'00:03'),
 (2416,58,237,'A',0,2.031,1.796,0.558481112438161,0.441518887561839,0.246579959487995,0.487016254396246,0.01,72.45,1.796,'00:01'),
 (2435,60,407,'A',0,-2,-2.091,0.522734313593952,0.477265686406048,0.249483150985412,2.0020706071859,2,23.8625,-2.091,'00:04'),
 (2436,60,375,'D',1,-2.091,-2.324,0.557987894995782,0.442012105004218,0.246637404033958,1.4197320599854,0.58,20.95,-2.324,'00:03'),
 (2437,60,221,'B',1,-2.324,-1.672,0.342538983530784,0.657461016469216,0.225206028292481,1.17742711006742,0.24,29.1,-1.672,'00:06'),
 (2438,60,173,'C',1,-1.672,-1.514,0.460581968546467,0.539418031453533,0.248446218796328,1.01546509556666,0.16,31.075,-1.514,'00:08'),
 (2439,60,190,'A',0,-1.514,-1.356,0.460581968546467,0.539418031453533,0.248446218796328,0.906019013804377,0.11,33.05,-1.356,'00:07'),
 (2440,60,336,'A',1,-1.356,-2.103,0.678524663116644,0.321475336883356,0.218128944659089,0.834392070512016,0.07,23.7125,-2.103,'00:01'),
 (2441,60,422,'A',0,-2.103,-1.329,0.315614461811585,0.684385538188415,0.216001973306969,0.777945164422648,0.06,33.3875,-1.329,'00:03'),
 (2442,60,303,'A',0,-1.329,-1.862,0.63018254212079,0.369817457879211,0.233052505726969,0.728279301623546,0.05,26.725,-1.862,'00:05'),
 (2443,60,240,'A',1,-1.862,-2.589,0.674146598307078,0.325853401692922,0.219672962298073,0.68923317179121,0.04,17.6375,-2.589,'00:01'),
 (2445,60,377,'B',1,-2.392,-2.392,0.5,0.5,0.25,0.619856024778314,0.03,20.1,-2.392,'00:13'),
 (2446,60,172,'A',1,-2.392,-2.186,0.448681351621785,0.551318648378215,0.247366396328633,0.592345568547326,0.03,22.675,-2.186,'00:04'),
 (2447,60,235,'A',0,-2.186,-1.897,0.428248701232034,0.571751298767966,0.24485175112511,0.568431112441894,0.02,26.2875,-1.897,'00:05'),
 (2448,60,245,'D',1,-1.897,-2.182,0.570771611894492,0.429228388105508,0.244991378949855,0.547185896653894,0.02,22.725,-2.182,'00:03'),
 (2449,60,421,'A',1,-2.182,-1.231,0.278683758374059,0.721316241625941,0.201019121192568,0.531426896645914,0.02,34.6125,-1.231,'00:02'),
 (2450,60,255,'A',0,-1.231,-1.128,0.47427274102019,0.52572725897981,0.249338108145386,0.513649762198623,0.02,35.9,-1.128,'00:05'),
 (2451,60,239,'A',0,-1.128,-1.442,0.57786131428072,0.42213868571928,0.243937615738479,0.497877972170708,0.02,31.975,-1.442,'00:02'),
 (2452,60,339,'A',1,-1.442,-2.21,0.683088094862185,0.316911905137815,0.216478749519736,0.485034242315295,0.01,22.375,-2.21,'00:02'),
 (2453,61,231,'B',1,2,1.955,0.511248101946855,0.488751898053145,0.249873480202593,2.00050627135778,2,74.4375,1.955,'00:06'),
 (2454,61,413,'C',1,1.955,2.091,0.466052308585504,0.533947691414496,0.248847554247626,1.41602577016844,0.58,76.1375,2.091,'00:03'),
 (2455,61,420,'A',1,2.091,2.911,0.305763659891969,0.69423634010803,0.212272244181438,1.18595238392987,0.23,86.3875,2.911,'00:00'),
 (2456,61,397,'D',1,2.911,3.091,0.45512110762642,0.54487889237358,0.247985885019321,1.02116380866336,0.16,88.6375,3.091,'00:03'),
 (2457,61,332,'C',1,3.091,3.328,0.441025785481546,0.558974214518454,0.246522042021931,0.910785641716901,0.11,91.6,3.328,'00:04'),
 (2459,61,345,'C',0,3.912,3.912,0.5,0.5,0.25,0.770293318075205,0.06,98.9,3.912,'00:10'),
 (2461,61,326,'B',0,3.703,3.703,0.5,0.5,0.25,0.676877206134933,0.04,96.2875,3.703,'00:13'),
 (2462,61,343,'B',1,3.703,3.101,0.646113741297625,0.353886258702375,0.228650774604011,0.643985461057076,0.03,88.7625,3.101,'00:04'),
 (2463,61,387,'B',0,3.101,3.491,0.403717300703212,0.596282699296788,0.240729641816124,0.614062173868808,0.03,93.6375,3.491,'00:03'),
 (2464,61,319,'A',0,3.491,3.231,0.564636291803029,0.435363708196971,0.245822149781954,0.58743973277224,0.03,90.3875,3.231,'00:03'),
 (2465,61,330,'B',0,3.231,3.012,0.554532222361229,0.445467777638771,0.247026236724346,0.563896487413377,0.02,87.65,3.012,'00:04'),
 (2466,61,346,'C',1,3.012,2.721,0.572240931843387,0.427759068156613,0.244781247766399,0.543154242743484,0.02,84.0125,2.721,'00:04'),
 (2467,61,423,'B',0,2.721,3.091,0.40854102156722,0.59145897843278,0.241635255264032,0.524771670120582,0.02,88.6375,3.091,'00:02'),
 (2468,61,402,'A',0,3.091,2.61,0.617983982386391,0.382016017613609,0.236079779900248,0.508502329672076,0.02,82.625,2.61,'00:01'),
 (2469,61,333,'A',0,2.61,2.321,0.571751298767965,0.428248701232035,0.24485175112511,0.49313121928488,0.02,79.0125,2.321,'00:01'),
 (2470,61,383,'A',0,2.321,2.109,0.552802385444694,0.447197614555306,0.24721190809135,0.478945041199635,0.01,76.3625,2.109,'00:01'),
 (2471,62,203,'A',0,0,-0.008,0.501999989333402,0.498000010666598,0.249996000042666,2.00001600002133,2,49.9,-0.00800000000000001,'00:02'),
 (2472,62,215,'C',1,-0.00800000000000001,-0.259,0.562422619645223,0.437577380354777,0.246103416556628,1.41976230651663,0.58,46.7625,-0.259,'00:09'),
 (2473,62,253,'C',1,-0.259,0.476,0.324098472274059,0.675901527725941,0.21905865254368,1.18249408883292,0.24,55.95,0.476,'00:02'),
 (2474,62,311,'B',1,0.476,0.747,0.432661612983003,0.567338387016997,0.245465541633949,1.0202893927398,0.16,59.3375,0.747,'00:03'),
 (2475,62,198,'C',1,0.747,0.941,0.451651541849306,0.548348458150694,0.247662426594451,0.909735456667619,0.11,61.7625,0.941,'00:02'),
 (2476,62,412,'A',1,0.941,1.091,0.46257015465625,0.53742984534375,0.248599006677543,0.828490165433979,0.08,63.6375,1.091,'00:01'),
 (2477,62,288,'A',1,1.091,1.379,0.428493570532444,0.571506429467556,0.244886830544801,0.766565605205145,0.06,67.2375,1.379,'00:03'),
 (2478,62,317,'B',0,1.379,1.532,0.461824441931238,0.538175558068762,0.248542626766139,0.716057132536255,0.05,69.15,1.532,'00:04'),
 (2479,62,331,'A',1,1.532,1.325,0.551566002060074,0.448433997939926,0.24734094743154,0.674559398972871,0.04,66.5625,1.325,'00:02'),
 (2480,62,250,'D',1,1.325,1.772,0.390074279223029,0.609925720776971,0.237916335911663,0.640766108441921,0.03,72.15,1.772,'00:04'),
 (2481,62,386,'B',0,1.772,1.943,0.457353867354538,0.542646132645462,0.248181307370386,0.610419952979672,0.03,74.2875,1.943,'00:02'),
 (2482,62,358,'A',0,1.943,1.536,0.600368317448984,0.399631682551016,0.23992620085246,0.584837395109596,0.03,69.2,1.536,'00:04'),
 (2483,62,193,'C',0,1.536,1.316,0.554779235107215,0.445220764892785,0.246999235401069,0.561595855622324,0.02,66.45,1.316,'00:07'),
 (2484,62,384,'C',1,1.316,1.092,0.555767014292628,0.444232985707372,0.246890040116886,0.540930390475225,0.02,63.65,1.092,'00:04'),
 (2485,62,420,'B',0,1.092,2.911,0.139553908300357,0.860446091699643,0.120078614978452,0.531670716955348,0.01,86.3875,2.911,'00:03'),
 (2486,63,407,'A',0,-2,-2.091,0.522734313593952,0.477265686406048,0.249483150985412,2.0020706071859,2,23.8625,-2.091,'00:03'),
 (2487,63,375,'D',1,-2.091,-2.324,0.557987894995782,0.442012105004218,0.246637404033958,1.4197320599854,0.58,20.95,-2.324,'00:05'),
 (2488,63,221,'B',1,-2.324,-1.672,0.342538983530784,0.657461016469216,0.225206028292481,1.17742711006742,0.24,29.1,-1.672,'00:03'),
 (2489,63,173,'C',1,-1.672,-1.514,0.460581968546467,0.539418031453533,0.248446218796328,1.01546509556666,0.16,31.075,-1.514,'00:03'),
 (2490,63,190,'C',1,-1.514,-1.356,0.460581968546467,0.539418031453533,0.248446218796328,0.906019013804377,0.11,33.05,-1.356,'00:03'),
 (2492,63,348,'D',1,-1.201,-1.201,0.5,0.5,0.25,0.763220154190793,0.06,34.9875,-1.201,'00:14'),
 (2493,63,314,'A',0,-1.201,-1.032,0.457850272143299,0.542149727856701,0.248223400441606,0.71338602285474,0.05,37.1,-1.032,'00:08'),
 (2494,63,200,'B',1,-1.032,-1.234,0.55032898095888,0.44967101904112,0.247466993675641,0.672305735467375,0.04,34.575,-1.234,'00:04'),
 (2495,63,217,'D',0,-1.234,-1.1,0.466550037321572,0.533449962678428,0.248881099996812,0.637408969013932,0.03,36.25,-1.1,'00:09'),
 (2496,63,422,'C',0,-1.1,-1.329,0.557001117810821,0.442998882189179,0.246750872568317,0.60767587648273,0.03,33.3875,-1.329,'00:06'),
 (2497,63,303,'C',0,-1.329,-1.862,0.63018254212079,0.369817457879211,0.233052505726969,0.583102936118865,0.02,26.725,-1.862,'00:04'),
 (2498,63,240,'A',1,-1.862,-2.589,0.674146598307078,0.325853401692922,0.219672962298073,0.562475310838921,0.02,17.6375,-2.589,'00:02'),
 (2500,63,377,'B',1,-2.392,-2.392,0.5,0.5,0.25,0.522825427647385,0.02,20.1,-2.392,'00:16'),
 (2501,63,172,'A',1,-2.392,-2.186,0.448681351621785,0.551318648378215,0.247366396328633,0.505998253531658,0.02,22.675,-2.186,'00:05'),
 (2502,63,235,'A',0,-2.186,-1.897,0.428248701232034,0.571751298767966,0.24485175112511,0.490846425906841,0.02,26.2875,-1.897,'00:02'),
 (2503,63,336,'A',1,-1.897,-2.103,0.551318648378215,0.448681351621785,0.247366396328633,0.476842614082519,0.01,23.7125,-2.103,'00:02'),
 (2504,64,398,'A',0,3,2.991,0.502249984812623,0.497750015187377,0.249994937568343,2.00002025003417,2,87.3875,2.991,'00:05'),
 (2505,64,333,'D',0,2.991,2.321,0.661503159202952,0.338496840797048,0.223916729567466,1.45261759292808,0.55,79.0125,2.321,'00:07'),
 (2506,64,383,'A',0,2.321,2.109,0.552802385444694,0.447197614555306,0.24721190809135,1.17759283090261,0.28,76.3625,2.109,'00:03'),
 (2507,64,288,'A',1,2.109,1.379,0.674805272582313,0.325194727417687,0.219443116677423,1.03111048353345,0.15,67.2375,1.379,'00:01'),
 (2508,64,317,'A',1,1.379,1.532,0.461824441931238,0.538175558068762,0.248542626766139,0.917041751170892,0.11,69.15,1.532,'00:01'),
 (2509,64,232,'C',1,1.532,1.635,0.47427274102019,0.52572725897981,0.249338108145386,0.833782936855647,0.08,70.4375,1.635,'00:04'),
 (2510,64,250,'D',1,1.635,1.772,0.465803469499505,0.534196530500495,0.248830597301729,0.769850994170954,0.06,72.15,1.772,'00:04'),
 (2511,64,386,'A',1,1.772,1.943,0.457353867354538,0.542646132645462,0.248181307370386,0.718799845177675,0.05,74.2875,1.943,'00:01'),
 (2512,64,392,'C',1,1.943,2.081,0.46555464743179,0.53444535256821,0.248813517686452,0.676622688216448,0.04,76.0125,2.081,'00:04'),
 (2513,64,191,'D',1,2.081,2.812,0.324975322672399,0.675024677327601,0.219366362326369,0.645008384207351,0.03,85.15,2.812,'00:05'),
 (2514,64,382,'B',1,2.812,3.091,0.430698956414443,0.569301043585557,0.245197365357953,0.614430007506657,0.03,88.6375,3.091,'00:06'),
 (2515,64,387,'A',1,3.091,3.491,0.401312339887548,0.598687660112452,0.240260745741529,0.58832718185576,0.03,93.6375,3.491,'00:01'),
 (2517,64,326,'C',0,3.703,3.703,0.5,0.5,0.25,0.543421344678348,0.02,96.2875,3.703,'00:12'),
 (2518,64,343,'A',0,3.703,3.101,0.646113741297625,0.353886258702375,0.228650774604011,0.525954592506611,0.02,88.7625,3.101,'00:03'),
 (2519,64,351,'A',1,3.101,1.043,0.886753481739804,0.113246518260196,0.100421744362139,0.518797982182317,0.01,63.0375,1.043,'00:01'),
 (2520,65,203,'B',1,0,-0.008,0.501999989333402,0.498000010666598,0.249996000042666,2.00001600002133,2,49.9,-0.00800000000000001,'00:07'),
 (2521,65,278,'A',1,-0.00800000000000001,0.216,0.444232985707372,0.555767014292628,0.246890040116886,1.41863804385793,0.58,52.7,0.216,'00:02'),
 (2522,65,253,'C',1,0.216,0.476,0.435363708196971,0.564636291803029,0.245822149781954,1.16035504151151,0.26,55.95,0.476,'00:02'),
 (2523,65,311,'B',1,0.476,0.747,0.432661612983003,0.567338387016997,0.245465541633949,1.00596610423701,0.15,59.3375,0.747,'00:02'),
 (2524,65,198,'C',1,0.747,0.941,0.451651541849306,0.548348458150694,0.247662426594451,0.899538076213231,0.11,61.7625,0.941,'00:05'),
 (2525,65,412,'A',1,0.941,1.091,0.46257015465625,0.53742984534375,0.248599006677543,0.820766048147717,0.08,63.6375,1.091,'00:03'),
 (2526,65,288,'B',0,1.091,1.379,0.428493570532444,0.571506429467556,0.244886830544801,0.760434946969979,0.06,67.2375,1.379,'00:03'),
 (2527,65,404,'B',1,1.379,1.135,0.560699149682253,0.439300850317747,0.246315613227851,0.711453233519745,0.05,64.1875,1.135,'00:03'),
 (2528,65,193,'B',0,1.135,1.316,0.454873132890897,0.545126867109103,0.247963565864917,0.670612358471246,0.04,66.45,1.316,'00:04'),
 (2529,65,384,'C',1,1.316,1.092,0.555767014292628,0.444232985707372,0.246890040116886,0.636221502701332,0.03,63.65,1.092,'00:03'),
 (2530,65,386,'A',1,1.092,1.943,0.29922312678724,0.70077687321276,0.209688647182907,0.610826725038669,0.03,74.2875,1.943,'00:00'),
 (2531,65,392,'A',0,1.943,2.081,0.46555464743179,0.53444535256821,0.248813517686452,0.584306617625876,0.03,76.0125,2.081,'00:01'),
 (2532,65,237,'A',0,2.081,1.796,0.570771611894492,0.429228388105508,0.244991378949855,0.561303281926487,0.02,72.45,1.796,'00:01'),
 (2533,65,376,'A',0,1.796,1.345,0.610876966586765,0.389123033413235,0.237706298280517,0.5413961355481,0.02,66.8125,1.345,'00:01'),
 (2534,65,351,'B',0,1.345,1.043,0.574931360490585,0.425068639509415,0.24438529121503,0.52298878008399,0.02,63.0375,1.043,'00:02'),
 (2535,65,291,'B',0,1.043,0.823,0.554779235107215,0.445220764892785,0.246999235401069,0.506170137179066,0.02,60.2875,0.823,'00:02'),
 (2536,65,27,'C',0,0.823,0.485,0.583704617368393,0.416295382631607,0.242993537031211,0.491113340034714,0.02,56.0625,0.485,'00:04'),
 (2537,65,247,'A',0,0.485,0.278,0.551566002060074,0.448433997939926,0.24734094743154,0.477088699198666,0.01,53.475,0.278,'00:01'),
 (2574,68,203,'C',0,0,-0.008,0.501999989333402,0.498000010666598,0.249996000042666,2.00001600002133,2,49.9,-0.00800000000000001,'00:04'),
 (2575,68,215,'B',0,-0.00800000000000001,-0.259,0.562422619645223,0.437577380354777,0.246103416556628,1.41976230651663,0.58,46.7625,-0.259,'00:07'),
 (2576,68,183,'B',1,-0.259,-0.531,0.567583836010037,0.432416163989963,0.245432425110168,1.161275056412,0.26,43.3625,-0.531,'00:02'),
 (2577,68,315,'C',1,-0.531,-0.132,0.401552624326375,0.598447375673625,0.240308114222976,1.00920559401412,0.15,48.35,-0.132,'00:03'),
 (2578,68,187,'B',1,-0.132,-0.024,0.473026213425085,0.526973786574915,0.249272414837811,0.901262191108579,0.11,49.7,-0.024,'00:02'),
 (2579,68,278,'A',1,-0.024,0.216,0.440286350732807,0.559713649267193,0.246434280091195,0.822677082212185,0.08,52.7,0.216,'00:01'),
 (2580,68,253,'A',0,0.216,0.476,0.435363708196971,0.564636291803029,0.245822149781954,0.761747235594479,0.06,55.95,0.476,'00:03'),
 (2581,68,206,'B',1,0.476,0.266,0.552307909574325,0.447692090425675,0.247263882595964,0.712356119270803,0.05,53.325,0.266,'00:05'),
 (2582,68,275,'A',0,0.266,0.463,0.45090866287784,0.54909133712216,0.247590040619558,0.671424871955933,0.04,55.7875,0.463,'00:03'),
 (2583,68,410,'A',1,0.463,0.231,0.55774124330949,0.44225875669051,0.246665948821074,0.636944138682781,0.03,52.8875,0.231,'00:01'),
 (2584,68,222,'C',1,0.231,0.586,0.412170461517489,0.587829538482511,0.242285972169949,0.607773644064075,0.03,57.325,0.586,'00:04'),
 (2585,68,311,'A',0,0.586,0.747,0.459836718577875,0.540163281422125,0.248386910825407,0.581674460314178,0.03,59.3375,0.747,'00:01'),
 (2586,68,27,'A',0,0.747,0.485,0.56512787239084,0.43487212760916,0.245758360237842,0.558901740117827,0.02,56.0625,0.485,'00:01'),
 (2587,68,247,'A',0,0.485,0.278,0.551566002060074,0.448433997939926,0.24734094743154,0.538486420448453,0.02,53.475,0.278,'00:01'),
 (2588,68,220,'C',1,0.278,-0.174,0.61111464651201,0.38888535348799,0.237653535330511,0.520839380533825,0.02,47.825,-0.174,'00:04'),
 (2589,68,13,'A',0,-0.174,-0.063,0.472278457250835,0.527721542749165,0.249231516067606,0.504077726944904,0.02,49.2125,-0.0629999999999999,'00:02'),
 (2590,68,274,'A',0,-0.0629999999999999,-0.302,0.559467200291272,0.440532799708729,0.246463652089518,0.488998457302638,0.02,46.225,-0.302,'00:01'),
 (2591,68,300,'B',0,-0.302,-0.544,0.560206458808193,0.439793541191807,0.246375182317777,0.475200979089726,0.01,43.2,-0.544,'00:03'),
 (2610,70,398,'A',0,3,2.991,0.502249984812623,0.497750015187377,0.249994937568343,2.00002025003417,2,87.3875,2.991,'00:08'),
 (2611,70,333,'A',0,2.991,2.321,0.661503159202952,0.338496840797048,0.223916729567466,1.45261759292808,0.55,79.0125,2.321,'00:03'),
 (2612,70,383,'C',1,2.321,2.109,0.552802385444694,0.447197614555306,0.24721190809135,1.17759283090261,0.28,76.3625,2.109,'00:09'),
 (2613,70,420,'A',1,2.109,2.911,0.309597862109642,0.690402137890358,0.213747025886781,1.03424694952686,0.14,86.3875,2.911,'00:01'),
 (2614,70,397,'D',1,2.911,3.091,0.45512110762642,0.54487889237358,0.247985885019321,0.919462395855701,0.11,88.6375,3.091,'00:04'),
 (2615,70,332,'C',1,3.091,3.328,0.441025785481546,0.558974214518454,0.246522042021931,0.836423782846551,0.08,91.6,3.328,'00:06'),
 (2616,70,345,'A',0,3.328,3.912,0.358012714004361,0.64198728599564,0.229839610615593,0.776333374036313,0.06,98.9,3.912,'00:06'),
 (2617,70,387,'A',1,3.912,3.491,0.603722516301716,0.396277483698284,0.23924163961204,0.725770480114808,0.05,93.6375,3.491,'00:04'),
 (2618,70,326,'A',0,3.491,3.703,0.447197614555306,0.552802385444694,0.24721190809135,0.682681862679236,0.04,96.2875,3.703,'00:03'),
 (2619,70,334,'A',0,3.703,3.143,0.636452540281567,0.363547459718434,0.231380704250707,0.648605494116265,0.03,89.2875,3.143,'00:01'),
 (2620,70,346,'A',0,3.143,2.721,0.603961733109224,0.396038266890776,0.239191958048926,0.618245335455419,0.03,84.0125,2.721,'00:02'),
 (2621,70,386,'A',1,2.721,1.943,0.685248908158737,0.314751091841263,0.215682842025996,0.594235999470332,0.02,74.2875,1.943,'00:01'),
 (2622,70,392,'A',0,1.943,2.081,0.46555464743179,0.53444535256821,0.248813517686452,0.56973437877218,0.02,76.0125,2.081,'00:01'),
 (2623,70,237,'A',0,2.081,1.796,0.570771611894492,0.429228388105508,0.244991378949855,0.548348133695824,0.02,72.45,1.796,'00:01'),
 (2624,70,376,'A',0,1.796,1.345,0.610876966586765,0.389123033413235,0.237706298280517,0.529743178517043,0.02,66.8125,1.345,'00:01'),
 (2625,70,351,'A',1,1.345,1.043,0.574931360490585,0.425068639509415,0.24438529121503,0.512461903039562,0.02,63.0375,1.043,'00:02'),
 (2626,70,357,'A',0,1.043,1.212,0.457850272143299,0.542149727856701,0.248223400441606,0.496533444851235,0.02,65.15,1.212,'00:02'),
 (2627,70,233,'A',1,1.212,0.942,0.567092904965454,0.432907095034546,0.245498542103297,0.482156175307647,0.01,61.775,0.942,'00:03'),
 (2643,71,398,'A',0,3,2.991,0.502249984812623,0.497750015187377,0.249994937568343,2.00002025003417,2,87.3875,2.991,'00:03'),
 (2644,71,333,'A',0,2.991,2.321,0.661503159202952,0.338496840797048,0.223916729567466,1.45261759292808,0.55,79.0125,2.321,'00:01'),
 (2645,71,383,'A',0,2.321,2.109,0.552802385444694,0.447197614555306,0.24721190809135,1.17759283090261,0.28,76.3625,2.109,'00:02'),
 (2646,71,288,'A',1,2.109,1.379,0.674805272582313,0.325194727417687,0.219443116677423,1.03111048353345,0.15,67.2375,1.379,'00:01'),
 (2647,71,317,'A',1,1.379,1.532,0.461824441931238,0.538175558068762,0.248542626766139,0.917041751170892,0.11,69.15,1.532,'00:01'),
 (2648,71,232,'C',1,1.532,1.635,0.47427274102019,0.52572725897981,0.249338108145386,0.833782936855647,0.08,70.4375,1.635,'00:03'),
 (2649,71,250,'D',1,1.635,1.772,0.465803469499505,0.534196530500495,0.248830597301729,0.769850994170954,0.06,72.15,1.772,'00:04'),
 (2650,71,386,'A',1,1.772,1.943,0.457353867354538,0.542646132645462,0.248181307370386,0.718799845177675,0.05,74.2875,1.943,'00:01'),
 (2651,71,392,'C',1,1.943,2.081,0.46555464743179,0.53444535256821,0.248813517686452,0.676622688216448,0.04,76.0125,2.081,'00:03'),
 (2652,71,191,'C',0,2.081,2.812,0.324975322672399,0.675024677327601,0.219366362326369,0.645008384207351,0.03,85.15,2.812,'00:06'),
 (2653,71,341,'D',1,2.812,2.435,0.593149336128624,0.406850663871376,0.241323201178797,0.614879830855443,0.03,80.4375,2.435,'00:08'),
 (2654,71,420,'B',0,2.435,2.911,0.383197110802891,0.616802889197109,0.236357085075208,0.589120710981972,0.03,86.3875,2.911,'00:04'),
 (2655,71,402,'A',0,2.911,2.61,0.574686956906244,0.425313043093756,0.244421858468085,0.565618336980043,0.02,82.625,2.61,'00:02'),
 (2656,71,264,'A',0,2.61,2.141,0.61514704250921,0.38485295749079,0.236741158601382,0.545343301057868,0.02,76.7625,2.141,'00:01');
INSERT INTO `peserta_test_jawaban_dengan_model` (`idpeserta_test_jawaban_dengan_model`,`idpeserta_test`,`idsoal`,`jawaban`,`nilai`,`thetaAwal`,`b`,`P`,`Q`,`PQ`,`SE`,`selisihSE`,`skor`,`thetaAkhir`,`waktu`) VALUES 
 (2657,71,385,'A',1,2.141,1.907,0.55823451807811,0.44176548192189,0.24660874090421,0.526382046644972,0.02,73.8375,1.907,'00:02'),
 (2658,71,423,'C',0,1.907,3.091,0.234333747954221,0.765666252045779,0.179421442523948,0.513766314947896,0.01,88.6375,3.091,'00:03'),
 (2659,53,398,'A',0,3,2.991,0.502249984812623,0.497750015187377,0.249994937568343,2.00002025003417,2,87.3875,2.991,'00:05'),
 (2660,53,333,'A',0,2.991,2.321,0.661503159202952,0.338496840797048,0.223916729567466,1.45261759292808,0.55,79.0125,2.321,'00:02'),
 (2661,53,383,'C',1,2.321,2.109,0.552802385444694,0.447197614555306,0.24721190809135,1.17759283090261,0.28,76.3625,2.109,'00:03'),
 (2662,53,420,'A',1,2.109,2.911,0.309597862109642,0.690402137890358,0.213747025886781,1.03424694952686,0.14,86.3875,2.911,'00:02'),
 (2663,53,397,'D',1,2.911,3.091,0.45512110762642,0.54487889237358,0.247985885019321,0.919462395855701,0.11,88.6375,3.091,'00:04'),
 (2664,53,332,'C',1,3.091,3.328,0.441025785481546,0.558974214518454,0.246522042021931,0.836423782846551,0.08,91.6,3.328,'00:03'),
 (2666,53,345,'C',0,3.912,3.912,0.5,0.5,0.25,0.723722748925379,0.05,98.9,3.912,'00:12'),
 (2668,53,326,'B',0,3.703,3.703,0.5,0.5,0.25,0.644623836477177,0.04,96.2875,3.703,'00:12'),
 (2669,53,343,'A',0,3.703,3.101,0.646113741297625,0.353886258702375,0.228650774604011,0.616022564334914,0.03,88.7625,3.101,'00:04'),
 (2670,53,386,'A',1,3.101,1.943,0.760969114498475,0.239030885501525,0.181895121277882,0.595802656358357,0.02,74.2875,1.943,'00:03'),
 (2671,53,392,'A',0,1.943,2.081,0.46555464743179,0.53444535256821,0.248813517686452,0.571114685139299,0.02,76.0125,2.081,'00:02'),
 (2672,53,237,'A',0,2.081,1.796,0.570771611894492,0.429228388105508,0.244991378949855,0.549578433580639,0.02,72.45,1.796,'00:02'),
 (2673,53,376,'A',0,1.796,1.345,0.610876966586765,0.389123033413235,0.237706298280517,0.530852201214318,0.02,66.8125,1.345,'00:02'),
 (2674,53,351,'A',1,1.345,1.043,0.574931360490585,0.425068639509415,0.24438529121503,0.513465689866163,0.02,63.0375,1.043,'00:02'),
 (2675,53,357,'A',0,1.043,1.212,0.457850272143299,0.542149727856701,0.248223400441606,0.497446346778214,0.02,65.15,1.212,'00:01'),
 (2676,53,233,'B',0,1.212,0.942,0.567092904965454,0.432907095034546,0.245498542103297,0.482991919589072,0.01,61.775,0.942,'00:03'),
 (2677,73,398,'A',0,3,2.991,0.502249984812623,0.497750015187377,0.249994937568343,2.00002025003417,2,87.3875,2.991,'00:03'),
 (2678,73,333,'A',0,2.991,2.321,0.661503159202952,0.338496840797048,0.223916729567466,1.45261759292808,0.55,79.0125,2.321,'00:01'),
 (2679,73,383,'A',0,2.321,2.109,0.552802385444694,0.447197614555306,0.24721190809135,1.17759283090261,0.28,76.3625,2.109,'00:02'),
 (2680,73,288,'A',1,2.109,1.379,0.674805272582313,0.325194727417687,0.219443116677423,1.03111048353345,0.15,67.2375,1.379,'00:01'),
 (2681,73,317,'A',1,1.379,1.532,0.461824441931238,0.538175558068762,0.248542626766139,0.917041751170892,0.11,69.15,1.532,'00:01'),
 (2682,73,232,'C',1,1.532,1.635,0.47427274102019,0.52572725897981,0.249338108145386,0.833782936855647,0.08,70.4375,1.635,'00:03'),
 (2683,73,250,'D',1,1.635,1.772,0.465803469499505,0.534196530500495,0.248830597301729,0.769850994170954,0.06,72.15,1.772,'00:04'),
 (2684,73,386,'A',1,1.772,1.943,0.457353867354538,0.542646132645462,0.248181307370386,0.718799845177675,0.05,74.2875,1.943,'00:04'),
 (2685,73,392,'C',1,1.943,2.081,0.46555464743179,0.53444535256821,0.248813517686452,0.676622688216448,0.04,76.0125,2.081,'00:04'),
 (2687,73,382,'B',1,2.812,3.091,0.430698956414443,0.569301043585557,0.245197365357953,0.614430007506657,0.03,88.6375,3.091,'00:03'),
 (2688,73,387,'C',0,3.091,3.491,0.401312339887548,0.598687660112452,0.240260745741529,0.58832718185576,0.03,93.6375,3.491,'00:06'),
 (2689,73,319,'A',0,3.491,3.231,0.564636291803029,0.435363708196971,0.245822149781954,0.564789748547061,0.02,90.3875,3.231,'00:05'),
 (2690,73,330,'A',1,3.231,3.012,0.554532222361229,0.445467777638771,0.247026236724346,0.543771803644875,0.02,87.65,3.012,'00:01'),
 (2691,73,345,'A',0,3.012,3.912,0.289050497374996,0.710949502625004,0.205500307342263,0.52796764970744,0.02,98.9,3.912,'00:02'),
 (2692,73,353,'A',0,3.912,3.109,0.690615844208296,0.309384155791704,0.213665599936759,0.512914159977673,0.02,88.8625,3.109,'00:01'),
 (2693,73,402,'A',0,3.109,2.61,0.622224298727319,0.377775701272681,0.235061220800615,0.497754416709532,0.02,82.625,2.61,'00:02'),
 (2694,73,264,'A',0,2.61,2.141,0.61514704250921,0.38485295749079,0.236741158601382,0.483768876336241,0.01,76.7625,2.141,'00:01'),
 (2695,74,398,'B',0,3,2.991,0.502249984812623,0.497750015187377,0.249994937568343,2.00002025003417,2,87.3875,2.991,'00:12'),
 (2696,74,333,'D',0,2.991,2.321,0.661503159202952,0.338496840797048,0.223916729567466,1.45261759292808,0.55,79.0125,2.321,'00:03'),
 (2697,74,383,'D',0,2.321,2.109,0.552802385444694,0.447197614555306,0.24721190809135,1.17759283090261,0.28,76.3625,2.109,'00:02'),
 (2698,74,288,'A',1,2.109,1.379,0.674805272582313,0.325194727417687,0.219443116677423,1.03111048353345,0.15,67.2375,1.379,'00:02'),
 (2699,74,317,'A',1,1.379,1.532,0.461824441931238,0.538175558068762,0.248542626766139,0.917041751170892,0.11,69.15,1.532,'00:01'),
 (2700,74,232,'C',1,1.532,1.635,0.47427274102019,0.52572725897981,0.249338108145386,0.833782936855647,0.08,70.4375,1.635,'00:04'),
 (2701,74,250,'D',1,1.635,1.772,0.465803469499505,0.534196530500495,0.248830597301729,0.769850994170954,0.06,72.15,1.772,'00:05'),
 (2702,74,386,'A',1,1.772,1.943,0.457353867354538,0.542646132645462,0.248181307370386,0.718799845177675,0.05,74.2875,1.943,'00:01'),
 (2703,74,392,'C',1,1.943,2.081,0.46555464743179,0.53444535256821,0.248813517686452,0.676622688216448,0.04,76.0125,2.081,'00:03'),
 (2704,74,191,'D',1,2.081,2.812,0.324975322672399,0.675024677327601,0.219366362326369,0.645008384207351,0.03,85.15,2.812,'00:03'),
 (2705,74,382,'A',0,2.812,3.091,0.430698956414443,0.569301043585557,0.245197365357953,0.614430007506657,0.03,88.6375,3.091,'00:08'),
 (2706,74,351,'B',0,3.091,1.043,0.885745373804528,0.114254626195472,0.101200506588405,0.603018623349343,0.01,63.0375,1.043,'00:04'),
 (2725,76,231,'A',0,2,1.955,0.511248101946855,0.488751898053145,0.249873480202593,2.00050627135778,2,74.4375,1.955,'00:02'),
 (2726,76,376,'A',0,1.955,1.345,0.64794080208065,0.35205919791935,0.228113519079734,1.44641180535028,0.55,66.8125,1.345,'00:01'),
 (2727,76,351,'C',0,1.345,1.043,0.574931360490585,0.425068639509415,0.24438529121503,1.17657457881998,0.27,63.0375,1.043,'00:02'),
 (2728,76,291,'A',1,1.043,0.823,0.554779235107215,0.445220764892785,0.246999235401069,1.01567525225722,0.16,60.2875,0.823,'00:01'),
 (2729,76,198,'C',1,0.823,0.941,0.470534182238773,0.529465817761227,0.249131765583662,0.905913322841765,0.11,61.7625,0.941,'00:02'),
 (2730,76,412,'A',1,0.941,1.091,0.46257015465625,0.53742984534375,0.248599006677543,0.825600222451032,0.08,63.6375,1.091,'00:01'),
 (2731,76,288,'A',1,1.091,1.379,0.428493570532444,0.571506429467556,0.244886830544801,0.764274727242122,0.06,67.2375,1.379,'00:01'),
 (2732,76,317,'A',1,1.379,1.532,0.461824441931238,0.538175558068762,0.248542626766139,0.714188839778688,0.05,69.15,1.532,'00:01'),
 (2733,76,232,'C',1,1.532,1.635,0.47427274102019,0.52572725897981,0.249338108145386,0.672692600121046,0.04,70.4375,1.635,'00:02'),
 (2734,76,250,'D',1,1.635,1.772,0.465803469499505,0.534196530500495,0.248830597301729,0.637745185477117,0.03,72.15,1.772,'00:03'),
 (2735,76,386,'C',0,1.772,1.943,0.457353867354538,0.542646132645462,0.248181307370386,0.607806522825678,0.03,74.2875,1.943,'00:09'),
 (2736,76,358,'C',0,1.943,1.536,0.600368317448984,0.399631682551016,0.23992620085246,0.582537760890675,0.03,69.2,1.536,'00:03'),
 (2737,76,331,'D',0,1.536,1.325,0.552555160503138,0.447444839496862,0.247237955104489,0.559537788363227,0.02,66.5625,1.325,'00:06'),
 (2738,76,384,'C',1,1.325,1.092,0.557987894995782,0.442012105004218,0.246637404033958,0.539110323715287,0.02,63.65,1.092,'00:03'),
 (2739,76,420,'B',0,1.092,2.911,0.139553908300357,0.860446091699643,0.120078614978452,0.529942231533098,0.01,86.3875,2.911,'00:06'),
 (2758,78,398,'A',0,3,2.991,0.502249984812623,0.497750015187377,0.249994937568343,2.00002025003417,2,87.3875,2.991,'00:01'),
 (2759,78,333,'A',0,2.991,2.321,0.661503159202952,0.338496840797048,0.223916729567466,1.45261759292808,0.55,79.0125,2.321,'00:01'),
 (2760,78,383,'C',1,2.321,2.109,0.552802385444694,0.447197614555306,0.24721190809135,1.17759283090261,0.28,76.3625,2.109,'00:03'),
 (2761,78,420,'A',1,2.109,2.911,0.309597862109642,0.690402137890358,0.213747025886781,1.03424694952686,0.14,86.3875,2.911,'00:02'),
 (2762,78,397,'D',1,2.911,3.091,0.45512110762642,0.54487889237358,0.247985885019321,0.919462395855701,0.11,88.6375,3.091,'00:03'),
 (2763,78,332,'C',1,3.091,3.328,0.441025785481546,0.558974214518454,0.246522042021931,0.836423782846551,0.08,91.6,3.328,'00:03'),
 (2765,78,345,'C',0,3.912,3.912,0.5,0.5,0.25,0.723722748925379,0.05,98.9,3.912,'00:12'),
 (2766,78,326,'C',0,3.912,3.703,0.552060632777803,0.447939367222197,0.247289690514775,0.680964513338397,0.04,96.2875,3.703,'00:04'),
 (2767,78,334,'B',1,3.703,3.143,0.636452540281567,0.363547459718434,0.231380704250707,0.647132147802964,0.03,89.2875,3.143,'00:03'),
 (2769,78,347,'B',0,3.943,3.943,0.5,0.5,0.25,0.592162092538348,0.03,99.2875,3.943,'00:12'),
 (2770,78,322,'A',0,3.943,3.321,0.650673280579215,0.349326719420785,0.227297562519497,0.569886540328295,0.02,91.5125,3.321,'00:01'),
 (2772,78,330,'B',0,3.012,3.012,0.5,0.5,0.25,0.529017458649672,0.02,87.65,3.012,'00:09'),
 (2773,78,386,'B',0,3.012,1.943,0.744406696967613,0.255593303032387,0.190265366477381,0.515471635920171,0.01,74.2875,1.943,'00:03'),
 (2774,79,203,'A',0,0,-0.008,0.501999989333402,0.498000010666598,0.249996000042666,2.00001600002133,2,49.9,-0.00800000000000001,'00:04'),
 (2775,79,215,'C',1,-0.00800000000000001,-0.259,0.562422619645223,0.437577380354777,0.246103416556628,1.41976230651663,0.58,46.7625,-0.259,'00:09'),
 (2776,79,253,'C',1,-0.259,0.476,0.324098472274059,0.675901527725941,0.21905865254368,1.18249408883292,0.24,55.95,0.476,'00:04'),
 (2777,79,311,'B',1,0.476,0.747,0.432661612983003,0.567338387016997,0.245465541633949,1.0202893927398,0.16,59.3375,0.747,'00:02'),
 (2778,79,198,'C',1,0.747,0.941,0.451651541849306,0.548348458150694,0.247662426594451,0.909735456667619,0.11,61.7625,0.941,'00:02'),
 (2779,79,412,'A',1,0.941,1.091,0.46257015465625,0.53742984534375,0.248599006677543,0.828490165433979,0.08,63.6375,1.091,'00:00'),
 (2780,79,288,'A',1,1.091,1.379,0.428493570532444,0.571506429467556,0.244886830544801,0.766565605205145,0.06,67.2375,1.379,'00:02'),
 (2781,79,317,'A',1,1.379,1.532,0.461824441931238,0.538175558068762,0.248542626766139,0.716057132536255,0.05,69.15,1.532,'00:01'),
 (2782,79,232,'B',0,1.532,1.635,0.47427274102019,0.52572725897981,0.249338108145386,0.674253098455212,0.04,70.4375,1.635,'00:05'),
 (2783,79,376,'D',1,1.635,1.345,0.571996132931519,0.428003867068481,0.244816556842907,0.639598914781258,0.03,66.8125,1.345,'00:06'),
 (2784,79,386,'A',1,1.345,1.943,0.354801395436818,0.645198604563182,0.228917365232905,0.611602317126898,0.03,74.2875,1.943,'00:02'),
 (2785,79,392,'A',0,1.943,2.081,0.46555464743179,0.53444535256821,0.248813517686452,0.584985401327266,0.03,76.0125,2.081,'00:01'),
 (2786,79,237,'A',0,2.081,1.796,0.570771611894492,0.429228388105508,0.244991378949855,0.561904931071946,0.02,72.45,1.796,'00:01'),
 (2787,79,210,'A',0,1.796,1.286,0.624806474468429,0.375193525531571,0.234423343930761,0.542197406114155,0.02,66.075,1.286,'00:03'),
 (2788,79,351,'A',1,1.286,1.043,0.560452819137498,0.439547180862502,0.246345456658329,0.52357023940383,0.02,63.0375,1.043,'00:02'),
 (2789,79,357,'A',0,1.043,1.212,0.457850272143299,0.542149727856701,0.248223400441606,0.506617621221179,0.02,65.15,1.212,'00:01'),
 (2790,79,233,'B',0,1.212,0.942,0.567092904965454,0.432907095034546,0.245498542103297,0.49137336951894,0.02,61.775,0.942,'00:02'),
 (2791,79,301,'A',0,0.942,0.727,0.553543903151118,0.446456096848882,0.247133050435344,0.477338376562941,0.01,59.0875,0.727,'00:01'),
 (2792,80,231,'B',1,2,1.955,0.511248101946855,0.488751898053145,0.249873480202593,2.00050627135778,2,74.4375,1.955,'00:08'),
 (2793,80,413,'C',1,1.955,2.091,0.466052308585504,0.533947691414496,0.248847554247626,1.41602577016844,0.58,76.1375,2.091,'00:03'),
 (2794,80,420,'A',1,2.091,2.911,0.305763659891969,0.69423634010803,0.212272244181438,1.18595238392987,0.23,86.3875,2.911,'00:02'),
 (2795,80,397,'D',1,2.911,3.091,0.45512110762642,0.54487889237358,0.247985885019321,1.02116380866336,0.16,88.6375,3.091,'00:03'),
 (2796,80,332,'C',1,3.091,3.328,0.441025785481546,0.558974214518454,0.246522042021931,0.910785641716901,0.11,91.6,3.328,'00:03'),
 (2798,80,345,'A',0,3.912,3.912,0.5,0.5,0.25,0.770293318075205,0.06,98.9,3.912,'00:09'),
 (2799,80,326,'C',0,3.912,3.703,0.552060632777803,0.447939367222197,0.247289690514775,0.719325712697846,0.05,96.2875,3.703,'00:06'),
 (2800,80,334,'B',1,3.703,3.143,0.636452540281567,0.363547459718434,0.231380704250707,0.679782917439051,0.04,89.2875,3.143,'00:04'),
 (2802,80,347,'B',0,3.943,3.943,0.5,0.5,0.25,0.616870291248155,0.03,99.2875,3.943,'00:09'),
 (2803,80,322,'A',0,3.943,3.321,0.650673280579215,0.349326719420785,0.227297562519497,0.591807313488128,0.03,91.5125,3.321,'00:03'),
 (2805,80,330,'C',0,3.012,3.012,0.5,0.5,0.25,0.546411817518383,0.02,87.65,3.012,'00:08'),
 (2806,80,386,'A',1,3.012,1.943,0.744406696967613,0.255593303032387,0.190265366477381,0.531523285327072,0.01,74.2875,1.943,'00:01'),
 (2807,81,407,'A',0,-2,-2.091,0.522734313593952,0.477265686406048,0.249483150985412,2.0020706071859,2,23.8625,-2.091,'00:08'),
 (2808,81,375,'D',1,-2.091,-2.324,0.557987894995782,0.442012105004218,0.246637404033958,1.4197320599854,0.58,20.95,-2.324,'00:04'),
 (2809,81,221,'B',1,-2.324,-1.672,0.342538983530784,0.657461016469216,0.225206028292481,1.17742711006742,0.24,29.1,-1.672,'00:03'),
 (2810,81,173,'C',1,-1.672,-1.514,0.460581968546467,0.539418031453533,0.248446218796328,1.01546509556666,0.16,31.075,-1.514,'00:04'),
 (2811,81,190,'C',1,-1.514,-1.356,0.460581968546467,0.539418031453533,0.248446218796328,0.906019013804377,0.11,33.05,-1.356,'00:03'),
 (2812,81,348,'D',1,-1.356,-1.201,0.461327394793492,0.538672605206508,0.248504429606542,0.825706839860149,0.08,34.9875,-1.201,'00:04'),
 (2813,81,354,'B',1,-1.201,-1.054,0.463316034871416,0.536683965128584,0.248654286702445,0.763519468485263,0.06,36.825,-1.054,'00:03'),
 (2814,81,260,'B',1,-1.054,-0.94,0.471530825439878,0.528469174560122,0.249189506099865,0.713454942283288,0.05,38.25,-0.94,'00:03'),
 (2815,81,313,'A',1,-0.94,-0.724,0.446208977050798,0.553791022949202,0.247106525850078,0.672418210320172,0.04,40.95,-0.724,'00:01'),
 (2816,81,218,'A',0,-0.724,-0.574,0.46257015465625,0.53742984534375,0.248599006677543,0.637541367319023,0.03,42.825,-0.574,'00:02'),
 (2817,81,350,'A',1,-0.574,-1.032,0.612539613440915,0.387460386559085,0.237334835406569,0.608850421247709,0.03,37.1,-1.032,'00:02'),
 (2818,81,312,'A',0,-1.032,-0.865,0.458346760632396,0.541653239367604,0.248265007650185,0.582630234948822,0.03,39.1875,-0.865,'00:01'),
 (2819,81,408,'A',1,-0.865,-1.091,0.556260739141165,0.443739260858835,0.24683472923129,0.559655072121092,0.02,36.3625,-1.091,'00:01'),
 (2820,81,214,'B',1,-1.091,-0.952,0.465305842505011,0.53469415749499,0.248796315435713,0.539046067270694,0.02,38.1,-0.952,'00:02'),
 (2821,81,183,'A',0,-0.952,-0.531,0.396277483698284,0.603722516301716,0.23924163961204,0.521233255640798,0.02,43.3625,-0.531,'00:01'),
 (2822,81,294,'A',0,-0.531,-0.94,0.600848073386178,0.399151926613822,0.239829666094296,0.505039235108548,0.02,38.25,-0.94,'00:01'),
 (2823,81,241,'B',1,-0.94,-1.16,0.554779235107215,0.445220764892785,0.246999235401069,0.489844605149634,0.02,35.5,-1.16,'00:03'),
 (2824,81,335,'A',1,-1.16,-1.043,0.470783321324682,0.529216678675318,0.249146385687183,0.475828046714619,0.01,36.9625,-1.043,'00:05'),
 (2825,82,355,'B',1,-3,-3.107,0.526724507456848,0.473275492543152,0.249285800701189,2.00286293277139,2,11.1625,-3.107,'00:06'),
 (2826,82,240,'C',0,-3.107,-2.589,0.37332001937773,0.62667998062227,0.233952182509541,1.43853180543838,0.56,17.6375,-2.589,'00:07'),
 (2827,82,411,'D',1,-2.589,-3.291,0.668631048659622,0.331368951340378,0.221563569427956,1.19115032599331,0.25,8.8625,-3.291,'00:06'),
 (2828,82,221,'B',1,-3.291,-1.672,0.165342828587974,0.834657171412026,0.138004577622502,1.08927154087426,0.1,29.1,-1.672,'00:03'),
 (2829,82,173,'C',1,-1.672,-1.514,0.460581968546467,0.539418031453533,0.248446218796328,0.957276514493121,0.13,31.075,-1.514,'00:03'),
 (2830,82,190,'C',1,-1.514,-1.356,0.460581968546467,0.539418031453533,0.248446218796328,0.863965605302995,0.09,33.05,-1.356,'00:04'),
 (2831,82,348,'D',1,-1.356,-1.201,0.461327394793492,0.538672605206508,0.248504429606542,0.793500115542472,0.07,34.9875,-1.201,'00:03'),
 (2832,82,354,'B',1,-1.201,-1.054,0.463316034871416,0.536683965128584,0.248654286702445,0.737840164729144,0.06,36.825,-1.054,'00:04'),
 (2833,82,260,'B',1,-1.054,-0.94,0.471530825439878,0.528469174560122,0.249189506099865,0.692369578141934,0.05,38.25,-0.94,'00:04'),
 (2834,82,313,'A',1,-0.94,-0.724,0.446208977050798,0.553791022949202,0.247106525850078,0.654678925512346,0.04,40.95,-0.724,'00:03'),
 (2835,82,218,'A',0,-0.724,-0.574,0.46257015465625,0.53742984534375,0.248599006677543,0.622361489871165,0.03,42.825,-0.574,'00:04'),
 (2836,82,350,'A',1,-0.574,-1.032,0.612539613440915,0.387460386559085,0.237334835406569,0.595587738677165,0.03,37.1,-1.032,'00:05'),
 (2837,82,312,'A',0,-1.032,-0.865,0.458346760632396,0.541653239367604,0.248265007650185,0.570976428437012,0.02,39.1875,-0.865,'00:02'),
 (2838,82,408,'B',0,-0.865,-1.091,0.556260739141165,0.443739260858835,0.24683472923129,0.549302407102371,0.02,36.3625,-1.091,'00:04'),
 (2840,82,337,'D',1,-1.324,-1.324,0.5,0.5,0.25,0.512260108460942,0.02,33.45,-1.324,'00:15'),
 (2841,82,307,'C',1,-1.324,-1.205,0.470285057834604,0.529714942165396,0.249117022212107,0.496295253445242,0.02,34.9375,-1.205,'00:05'),
 (2842,82,202,'C',1,-1.205,-1.095,0.472527695655406,0.527472304344594,0.249245272493998,0.481728510190568,0.01,36.3125,-1.095,'00:05'),
 (2843,83,355,'B',1,-3,-3.107,0.526724507456848,0.473275492543152,0.249285800701189,2.00286293277139,2,11.1625,-3.107,'00:06'),
 (2844,83,240,'A',1,-3.107,-2.589,0.37332001937773,0.62667998062227,0.233952182509541,1.43853180543838,0.56,17.6375,-2.589,'00:01'),
 (2845,83,377,'B',1,-2.589,-2.392,0.45090866287784,0.54909133712216,0.247590040619558,1.16974824941217,0.27,20.1,-2.392,'00:04'),
 (2846,83,221,'B',1,-2.392,-1.672,0.32739298293224,0.67260701706776,0.22020681765897,1.02542000558817,0.14,29.1,-1.672,'00:03'),
 (2847,83,173,'C',1,-1.672,-1.514,0.460581968546467,0.539418031453533,0.248446218796328,0.913068378625846,0.11,31.075,-1.514,'00:05'),
 (2848,83,190,'C',1,-1.514,-1.356,0.460581968546467,0.539418031453533,0.248446218796328,0.831048987721952,0.08,33.05,-1.356,'00:04'),
 (2849,83,348,'D',1,-1.356,-1.201,0.461327394793492,0.538672605206508,0.248504429606542,0.767771186018276,0.06,34.9875,-1.201,'00:04'),
 (2850,83,354,'B',1,-1.201,-1.054,0.463316034871416,0.536683965128584,0.248654286702445,0.717018888575374,0.05,36.825,-1.054,'00:03'),
 (2851,83,260,'B',1,-1.054,-0.94,0.471530825439878,0.528469174560122,0.249189506099865,0.675078727084818,0.04,38.25,-0.94,'00:03'),
 (2852,83,313,'A',1,-0.94,-0.724,0.446208977050798,0.553791022949202,0.247106525850078,0.640003174936006,0.04,40.95,-0.724,'00:02'),
 (2853,83,218,'C',0,-0.724,-0.574,0.46257015465625,0.53742984534375,0.248599006677543,0.6097129102594,0.03,42.825,-0.574,'00:03'),
 (2854,83,350,'B',0,-0.574,-1.032,0.612539613440915,0.387460386559085,0.237334835406569,0.584474013267666,0.03,37.1,-1.032,'00:01'),
 (2855,83,270,'B',1,-1.032,-1.267,0.558481112438161,0.441518887561839,0.246579959487995,0.561311145460427,0.02,34.1625,-1.267,'00:03'),
 (2856,83,241,'B',1,-1.267,-1.16,0.473275492543152,0.526724507456848,0.249285800701189,0.540486721195953,0.02,35.5,-1.16,'00:05'),
 (2857,83,335,'B',0,-1.16,-1.043,0.470783321324682,0.529216678675318,0.249146385687183,0.521830269192609,0.02,36.9625,-1.043,'00:03'),
 (2858,83,422,'A',0,-1.043,-1.329,0.571016585915821,0.428983414084179,0.244956644524861,0.505251293551305,0.02,33.3875,-1.329,'00:03'),
 (2859,83,303,'A',0,-1.329,-1.862,0.63018254212079,0.369817457879211,0.233052505726969,0.490860754158598,0.01,26.725,-1.862,'00:02'),
 (2860,84,398,'A',0,3,2.991,0.502249984812623,0.497750015187377,0.249994937568343,2.00002025003417,2,87.3875,2.991,'00:03'),
 (2861,84,333,'C',0,2.991,2.321,0.661503159202952,0.338496840797048,0.223916729567466,1.45261759292808,0.55,79.0125,2.321,'00:02'),
 (2862,84,383,'D',0,2.321,2.109,0.552802385444694,0.447197614555306,0.24721190809135,1.17759283090261,0.28,76.3625,2.109,'00:06'),
 (2863,84,288,'A',1,2.109,1.379,0.674805272582313,0.325194727417687,0.219443116677423,1.03111048353345,0.15,67.2375,1.379,'00:01'),
 (2864,84,317,'A',1,1.379,1.532,0.461824441931238,0.538175558068762,0.248542626766139,0.917041751170892,0.11,69.15,1.532,'00:02'),
 (2865,84,232,'C',1,1.532,1.635,0.47427274102019,0.52572725897981,0.249338108145386,0.833782936855647,0.08,70.4375,1.635,'00:03'),
 (2866,84,250,'D',1,1.635,1.772,0.465803469499505,0.534196530500495,0.248830597301729,0.769850994170954,0.06,72.15,1.772,'00:03'),
 (2867,84,386,'A',1,1.772,1.943,0.457353867354538,0.542646132645462,0.248181307370386,0.718799845177675,0.05,74.2875,1.943,'00:01'),
 (2868,84,392,'C',1,1.943,2.081,0.46555464743179,0.53444535256821,0.248813517686452,0.676622688216448,0.04,76.0125,2.081,'00:03'),
 (2869,84,191,'D',1,2.081,2.812,0.324975322672399,0.675024677327601,0.219366362326369,0.645008384207351,0.03,85.15,2.812,'00:03'),
 (2870,84,382,'A',0,2.812,3.091,0.430698956414443,0.569301043585557,0.245197365357953,0.614430007506657,0.03,88.6375,3.091,'00:11'),
 (2871,84,351,'B',0,3.091,1.043,0.885745373804528,0.114254626195472,0.101200506588405,0.603018623349343,0.01,63.0375,1.043,'00:03'),
 (2872,87,203,'C',0,0,-0.008,0.501999989333402,0.498000010666598,0.249996000042666,2.00001600002133,2,49.9,-0.00800000000000001,'00:05'),
 (2873,87,215,'C',1,-0.00800000000000001,-0.259,0.562422619645223,0.437577380354777,0.246103416556628,1.41976230651663,0.58,46.7625,-0.259,'00:13'),
 (2874,87,253,'C',1,-0.259,0.476,0.324098472274059,0.675901527725941,0.21905865254368,1.18249408883292,0.24,55.95,0.476,'00:03'),
 (2875,87,311,'B',1,0.476,0.747,0.432661612983003,0.567338387016997,0.245465541633949,1.0202893927398,0.16,59.3375,0.747,'00:03'),
 (2876,87,198,'C',1,0.747,0.941,0.451651541849306,0.548348458150694,0.247662426594451,0.909735456667619,0.11,61.7625,0.941,'00:06'),
 (2877,87,412,'A',1,0.941,1.091,0.46257015465625,0.53742984534375,0.248599006677543,0.828490165433979,0.08,63.6375,1.091,'00:02'),
 (2878,87,288,'A',1,1.091,1.379,0.428493570532444,0.571506429467556,0.244886830544801,0.766565605205145,0.06,67.2375,1.379,'00:01'),
 (2879,87,317,'A',1,1.379,1.532,0.461824441931238,0.538175558068762,0.248542626766139,0.716057132536255,0.05,69.15,1.532,'00:03'),
 (2880,87,232,'A',0,1.532,1.635,0.47427274102019,0.52572725897981,0.249338108145386,0.674253098455212,0.04,70.4375,1.635,'00:02'),
 (2881,87,376,'D',1,1.635,1.345,0.571996132931519,0.428003867068481,0.244816556842907,0.639598914781258,0.03,66.8125,1.345,'00:09'),
 (2882,87,386,'A',1,1.345,1.943,0.354801395436818,0.645198604563182,0.228917365232905,0.611602317126898,0.03,74.2875,1.943,'00:01'),
 (2883,87,392,'C',1,1.943,2.081,0.46555464743179,0.53444535256821,0.248813517686452,0.584985401327266,0.03,76.0125,2.081,'00:03'),
 (2884,87,333,'C',0,2.081,2.321,0.440286350732807,0.559713649267193,0.246434280091195,0.561776979168449,0.02,79.0125,2.321,'00:07'),
 (2885,87,383,'A',0,2.321,2.109,0.552802385444694,0.447197614555306,0.24721190809135,0.541066746695877,0.02,76.3625,2.109,'00:03'),
 (2886,87,351,'A',1,2.109,1.043,0.743835482470647,0.256164517529353,0.190544257488307,0.526579108767793,0.01,63.0375,1.043,'00:05'),
 (2887,116,231,'A',0,2,1.955,0.511248101946855,0.488751898053145,0.249873480202593,2.00050627135778,2,74.4375,1.955,'00:02'),
 (2888,116,376,'D',1,1.955,1.345,0.64794080208065,0.35205919791935,0.228113519079734,1.44641180535028,0.55,66.8125,1.345,'00:03'),
 (2889,116,386,'A',1,1.345,1.943,0.354801395436818,0.645198604563182,0.228917365232905,1.18937736300834,0.26,74.2875,1.943,'00:01'),
 (2890,116,392,'C',1,1.943,2.081,0.46555464743179,0.53444535256821,0.248813517686452,1.02290462905228,0.17,76.0125,2.081,'00:03'),
 (2891,116,333,'B',1,2.081,2.321,0.440286350732807,0.559713649267193,0.246434280091195,0.91205342597246,0.11,79.0125,2.321,'00:03'),
 (2892,116,341,'D',1,2.321,2.435,0.471530825439878,0.528469174560122,0.249189506099865,0.830070859800624,0.08,80.4375,2.435,'00:03'),
 (2893,116,420,'A',1,2.435,2.911,0.383197110802891,0.616802889197109,0.236357085075208,0.769755029444831,0.06,86.3875,2.911,'00:01'),
 (2894,116,397,'D',1,2.911,3.091,0.45512110762642,0.54487889237358,0.247985885019321,0.718758011051983,0.05,88.6375,3.091,'00:05'),
 (2895,116,332,'A',0,3.091,3.328,0.441025785481546,0.558974214518454,0.246522042021931,0.676942934196444,0.04,91.6,3.328,'00:03'),
 (2896,116,343,'B',1,3.328,3.101,0.556507559963506,0.443492440036494,0.246806895666971,0.641630542699919,0.04,88.7625,3.101,'00:06'),
 (2897,116,387,'A',1,3.101,3.491,0.403717300703212,0.596282699296788,0.240729641816124,0.612019491956227,0.03,93.6375,3.491,'00:01'),
 (2899,116,326,'B',0,3.703,3.703,0.5,0.5,0.25,0.561925893929349,0.02,96.2875,3.703,'00:13'),
 (2900,116,382,'A',0,3.703,3.091,0.648396894017565,0.351603105982435,0.22797836184594,0.542730670523569,0.02,88.6375,3.091,'00:01'),
 (2901,116,288,'B',0,3.091,1.379,0.847095513512142,0.152904486487858,0.129524704499743,0.532664579276039,0.01,67.2375,1.379,'00:03'),
 (2991,90,231,'A',0,2,1.955,0.511248101946855,0.488751898053145,0.249873480202593,2.00050627135778,2,74.4375,1.955,'00:02'),
 (2992,90,376,'D',1,1.955,1.345,0.64794080208065,0.35205919791935,0.228113519079734,1.44641180535028,0.55,66.8125,1.345,'00:04'),
 (2993,90,386,'A',1,1.345,1.943,0.354801395436818,0.645198604563182,0.228917365232905,1.18937736300834,0.26,74.2875,1.943,'00:01'),
 (2994,90,392,'C',1,1.943,2.081,0.46555464743179,0.53444535256821,0.248813517686452,1.02290462905228,0.17,76.0125,2.081,'00:03'),
 (2995,90,333,'B',1,2.081,2.321,0.440286350732807,0.559713649267193,0.246434280091195,0.91205342597246,0.11,79.0125,2.321,'00:03'),
 (2996,90,341,'D',1,2.321,2.435,0.471530825439878,0.528469174560122,0.249189506099865,0.830070859800624,0.08,80.4375,2.435,'00:05'),
 (2997,90,420,'A',1,2.435,2.911,0.383197110802891,0.616802889197109,0.236357085075208,0.769755029444831,0.06,86.3875,2.911,'00:03'),
 (2998,90,397,'A',0,2.911,3.091,0.45512110762642,0.54487889237358,0.247985885019321,0.718758011051983,0.05,88.6375,3.091,'00:01'),
 (2999,90,188,'C',0,3.091,2.819,0.567583836010037,0.432416163989963,0.245432425110168,0.677112002694248,0.04,85.2375,2.819,'00:07'),
 (3000,90,418,'C',1,2.819,2.301,0.626679980622269,0.373320019377731,0.233952182509541,0.643480226791468,0.03,78.7625,2.301,'00:04'),
 (3001,90,423,'A',1,2.301,3.091,0.31216866941716,0.68783133058284,0.21471939125148,0.616651195378271,0.03,88.6375,3.091,'00:04'),
 (3002,90,319,'A',0,3.091,3.231,0.465057054841786,0.534942945158214,0.24877899058367,0.589402239234594,0.03,90.3875,3.231,'00:02'),
 (3003,90,330,'B',0,3.231,3.012,0.554532222361229,0.445467777638771,0.247026236724346,0.565631682115155,0.02,87.65,3.012,'00:03'),
 (3004,90,346,'B',0,3.012,2.721,0.572240931843387,0.427759068156613,0.244781247766399,0.544704396206442,0.02,84.0125,2.721,'00:04'),
 (3005,90,288,'A',1,2.721,1.379,0.792818648312201,0.2071813516878,0.164257239200616,0.531897410423117,0.01,67.2375,1.379,'00:01'),
 (3024,91,398,'A',0,3,2.991,0.502249984812623,0.497750015187377,0.249994937568343,2.00002025003417,2,87.3875,2.991,'00:03'),
 (3025,91,333,'B',1,2.991,2.321,0.661503159202952,0.338496840797048,0.223916729567466,1.45261759292808,0.55,79.0125,2.321,'00:05'),
 (3026,91,341,'D',1,2.321,2.435,0.471530825439878,0.528469174560122,0.249189506099865,1.17598143836328,0.28,80.4375,2.435,'00:04'),
 (3027,91,420,'A',1,2.435,2.911,0.383197110802891,0.616802889197109,0.236357085075208,1.02090882351313,0.16,86.3875,2.911,'00:02'),
 (3028,91,397,'D',1,2.911,3.091,0.45512110762642,0.54487889237358,0.247985885019321,0.910052559286444,0.11,88.6375,3.091,'00:04'),
 (3029,91,332,'A',0,3.091,3.328,0.441025785481546,0.558974214518454,0.246522042021931,0.829321351640226,0.08,91.6,3.328,'00:02'),
 (3030,91,343,'A',0,3.328,3.101,0.556507559963506,0.443492440036494,0.246806895666971,0.766790658281083,0.06,88.7625,3.101,'00:02'),
 (3031,91,386,'A',1,3.101,1.943,0.760969114498475,0.239030885501525,0.181895121277882,0.728807958132274,0.04,74.2875,1.943,'00:01'),
 (3032,91,392,'C',1,1.943,2.081,0.46555464743179,0.53444535256821,0.248813517686452,0.684950510668429,0.04,76.0125,2.081,'00:02'),
 (3033,91,191,'D',1,2.081,2.812,0.324975322672399,0.675024677327601,0.219366362326369,0.65221039683966,0.03,85.15,2.812,'00:03'),
 (3034,91,382,'A',0,2.812,3.091,0.430698956414443,0.569301043585557,0.245197365357953,0.620645848034824,0.03,88.6375,3.091,'00:03'),
 (3035,91,288,'C',0,3.091,1.379,0.847095513512142,0.152904486487858,0.129524704499743,0.605719168772384,0.01,67.2375,1.379,'00:02'),
 (3054,92,231,'A',0,2,1.955,0.511248101946855,0.488751898053145,0.249873480202593,2.00050627135778,2,74.4375,1.955,'00:02'),
 (3055,92,376,'D',1,1.955,1.345,0.64794080208065,0.35205919791935,0.228113519079734,1.44641180535028,0.55,66.8125,1.345,'00:06'),
 (3056,92,386,'A',1,1.345,1.943,0.354801395436818,0.645198604563182,0.228917365232905,1.18937736300834,0.26,74.2875,1.943,'00:01'),
 (3057,92,392,'C',1,1.943,2.081,0.46555464743179,0.53444535256821,0.248813517686452,1.02290462905228,0.17,76.0125,2.081,'00:03'),
 (3058,92,333,'B',1,2.081,2.321,0.440286350732807,0.559713649267193,0.246434280091195,0.91205342597246,0.11,79.0125,2.321,'00:03'),
 (3059,92,341,'D',1,2.321,2.435,0.471530825439878,0.528469174560122,0.249189506099865,0.830070859800624,0.08,80.4375,2.435,'00:04'),
 (3060,92,420,'B',0,2.435,2.911,0.383197110802891,0.616802889197109,0.236357085075208,0.769755029444831,0.06,86.3875,2.911,'00:04'),
 (3061,92,402,'A',0,2.911,2.61,0.574686956906244,0.425313043093756,0.244421858468085,0.719420622997692,0.05,82.625,2.61,'00:05'),
 (3062,92,264,'B',1,2.61,2.141,0.61514704250921,0.38485295749079,0.236741158601382,0.679022340355169,0.04,76.7625,2.141,'00:04'),
 (3063,92,280,'C',1,2.141,2.268,0.468292605928051,0.531707394071949,0.248994641161166,0.643109236377553,0.04,78.35,2.268,'00:02'),
 (3064,92,423,'B',0,2.268,3.091,0.30512721449923,0.69487278550077,0.212024597471171,0.616640365670037,0.03,88.6375,3.091,'00:04'),
 (3066,92,368,'D',0,2.409,2.409,0.5,0.5,0.25,0.567694136385353,0.02,80.1125,2.409,'00:12'),
 (3067,92,340,'A',0,2.409,2.203,0.551318648378215,0.448681351621785,0.247366396328633,0.546334659669629,0.02,77.5375,2.203,'00:02'),
 (3068,92,288,'B',0,2.203,1.379,0.695084768770805,0.304915231229195,0.211941932993642,0.52983282422795,0.02,67.2375,1.379,'00:04'),
 (3069,92,404,'B',1,1.379,1.135,0.560699149682253,0.439300850317747,0.246315613227851,0.512413152303818,0.02,64.1875,1.135,'00:03'),
 (3070,92,193,'B',0,1.135,1.316,0.454873132890897,0.545126867109103,0.247963565864917,0.496505000468167,0.02,66.45,1.316,'00:08'),
 (3071,92,384,'C',1,1.316,1.092,0.555767014292628,0.444232985707372,0.246890040116886,0.482052176489333,0.01,63.65,1.092,'00:03'),
 (3072,93,398,'A',0,3,2.991,0.502249984812623,0.497750015187377,0.249994937568343,2.00002025003417,2,87.3875,2.991,'00:10'),
 (3073,93,333,'B',1,2.991,2.321,0.661503159202952,0.338496840797048,0.223916729567466,1.45261759292808,0.55,79.0125,2.321,'00:02'),
 (3074,93,341,'D',1,2.321,2.435,0.471530825439878,0.528469174560122,0.249189506099865,1.17598143836328,0.28,80.4375,2.435,'00:06'),
 (3075,93,420,'A',1,2.435,2.911,0.383197110802891,0.616802889197109,0.236357085075208,1.02090882351313,0.16,86.3875,2.911,'00:02'),
 (3076,93,397,'D',1,2.911,3.091,0.45512110762642,0.54487889237358,0.247985885019321,0.910052559286444,0.11,88.6375,3.091,'00:05'),
 (3077,93,332,'D',0,3.091,3.328,0.441025785481546,0.558974214518454,0.246522042021931,0.829321351640226,0.08,91.6,3.328,'00:08'),
 (3078,93,343,'A',0,3.328,3.101,0.556507559963506,0.443492440036494,0.246806895666971,0.766790658281083,0.06,88.7625,3.101,'00:01'),
 (3079,93,386,'A',1,3.101,1.943,0.760969114498475,0.239030885501525,0.181895121277882,0.728807958132274,0.04,74.2875,1.943,'00:06'),
 (3080,93,392,'C',1,1.943,2.081,0.46555464743179,0.53444535256821,0.248813517686452,0.684950510668429,0.04,76.0125,2.081,'00:06'),
 (3081,93,191,'D',1,2.081,2.812,0.324975322672399,0.675024677327601,0.219366362326369,0.65221039683966,0.03,85.15,2.812,'00:04'),
 (3082,93,382,'D',0,2.812,3.091,0.430698956414443,0.569301043585557,0.245197365357953,0.620645848034824,0.03,88.6375,3.091,'00:07'),
 (3083,93,288,'A',1,3.091,1.379,0.847095513512142,0.152904486487858,0.129524704499743,0.605719168772384,0.01,67.2375,1.379,'00:02'),
 (3084,94,407,'A',0,-2,-2.091,0.522734313593952,0.477265686406048,0.249483150985412,2.0020706071859,2,23.8625,-2.091,'00:03'),
 (3085,94,375,'D',1,-2.091,-2.324,0.557987894995782,0.442012105004218,0.246637404033958,1.4197320599854,0.58,20.95,-2.324,'00:05'),
 (3086,94,221,'B',1,-2.324,-1.672,0.342538983530784,0.657461016469216,0.225206028292481,1.17742711006742,0.24,29.1,-1.672,'00:03'),
 (3087,94,173,'C',1,-1.672,-1.514,0.460581968546467,0.539418031453533,0.248446218796328,1.01546509556666,0.16,31.075,-1.514,'00:04'),
 (3088,94,190,'C',1,-1.514,-1.356,0.460581968546467,0.539418031453533,0.248446218796328,0.906019013804377,0.11,33.05,-1.356,'00:03'),
 (3089,94,348,'D',1,-1.356,-1.201,0.461327394793492,0.538672605206508,0.248504429606542,0.825706839860149,0.08,34.9875,-1.201,'00:04'),
 (3090,94,354,'B',1,-1.201,-1.054,0.463316034871416,0.536683965128584,0.248654286702445,0.763519468485263,0.06,36.825,-1.054,'00:03'),
 (3091,94,260,'A',0,-1.054,-0.94,0.471530825439878,0.528469174560122,0.249189506099865,0.713454942283288,0.05,38.25,-0.94,'00:02'),
 (3092,94,241,'B',1,-0.94,-1.16,0.554779235107215,0.445220764892785,0.246999235401069,0.672434520744805,0.04,35.5,-1.16,'00:08'),
 (3093,94,335,'B',0,-1.16,-1.043,0.470783321324682,0.529216678675318,0.249146385687183,0.637484353920024,0.03,36.9625,-1.043,'00:04'),
 (3094,94,422,'A',0,-1.043,-1.329,0.571016585915821,0.428983414084179,0.244956644524861,0.607942669652094,0.03,33.3875,-1.329,'00:03'),
 (3095,94,303,'B',1,-1.329,-1.862,0.63018254212079,0.369817457879211,0.233052505726969,0.583338642715389,0.02,26.725,-1.862,'00:11'),
 (3096,94,266,'A',0,-1.862,-1.564,0.426046472451909,0.573953527548091,0.244530875763194,0.560485560994373,0.02,30.45,-1.564,'00:03'),
 (3098,94,336,'A',1,-2.103,-2.103,0.5,0.5,0.25,0.522284748550714,0.02,23.7125,-2.103,'00:11'),
 (3099,94,297,'A',0,-2.103,-1.956,0.463316034871416,0.536683965128584,0.248654286702445,0.505424907266268,0.02,25.55,-1.956,'00:04'),
 (3100,94,240,'A',1,-1.956,-2.589,0.653169391528382,0.346830608471618,0.226539137498825,0.491405945078569,0.01,17.6375,-2.589,'00:04'),
 (3101,94,398,'B',0,3,2.991,0.502249984812623,0.497750015187377,0.249994937568343,2.00002025003417,2,87.3875,2.991,'00:09'),
 (3102,94,333,'B',1,2.991,2.321,0.661503159202952,0.338496840797048,0.223916729567466,1.45261759292808,0.55,79.0125,2.321,'00:03'),
 (3103,94,341,'B',0,2.321,2.435,0.471530825439878,0.528469174560122,0.249189506099865,1.17598143836328,0.28,80.4375,2.435,'00:03'),
 (3104,94,386,'A',1,2.435,1.943,0.620577467927091,0.379422532072909,0.235461074228291,1.02138585654804,0.15,74.2875,1.943,'00:02'),
 (3105,94,392,'C',1,1.943,2.081,0.46555464743179,0.53444535256821,0.248813517686452,0.910078328752043,0.11,76.0125,2.081,'00:02'),
 (3106,94,191,'A',0,2.081,2.812,0.324975322672399,0.675024677327601,0.219366362326369,0.837196217623741,0.07,85.15,2.812,'00:02'),
 (3107,94,418,'C',1,2.812,2.301,0.625040868538929,0.374959131461071,0.23436478119503,0.775891881631531,0.06,78.7625,2.301,'00:06'),
 (3108,94,420,'C',0,2.301,2.911,0.35205919791935,0.64794080208065,0.228113519079734,0.727543028525358,0.05,86.3875,2.911,'00:09'),
 (3109,94,402,'A',0,2.911,2.61,0.574686956906244,0.425313043093756,0.244421858468085,0.684603625957485,0.04,82.625,2.61,'00:02'),
 (3110,94,264,'A',0,2.61,2.141,0.61514704250921,0.38485295749079,0.236741158601382,0.649517261542383,0.04,76.7625,2.141,'00:02'),
 (3111,94,385,'A',1,2.141,1.907,0.55823451807811,0.44176548192189,0.24660874090421,0.618156993628413,0.03,73.8375,1.907,'00:02'),
 (3112,94,423,'A',1,1.907,3.091,0.234333747954221,0.765666252045779,0.179421442523948,0.597997398981161,0.02,88.6375,3.091,'00:02'),
 (3113,94,319,'A',0,3.091,3.231,0.465057054841786,0.534942945158214,0.24877899058367,0.573050130512523,0.02,90.3875,3.231,'00:02'),
 (3114,94,330,'B',0,3.231,3.012,0.554532222361229,0.445467777638771,0.247026236724346,0.551132029360665,0.02,87.65,3.012,'00:03'),
 (3115,94,346,'A',0,3.012,2.721,0.572240931843387,0.427759068156613,0.244781247766399,0.531719348252565,0.02,84.0125,2.721,'00:02'),
 (3116,94,288,'A',1,2.721,1.379,0.792818648312201,0.2071813516878,0.164257239200616,0.519786934814987,0.01,67.2375,1.379,'00:01'),
 (3117,95,398,'D',0,3,2.991,0.502249984812623,0.497750015187377,0.249994937568343,2.00002025003417,2,87.3875,2.991,'00:04'),
 (3118,95,333,'B',1,2.991,2.321,0.661503159202952,0.338496840797048,0.223916729567466,1.45261759292808,0.55,79.0125,2.321,'00:04'),
 (3119,95,341,'D',1,2.321,2.435,0.471530825439878,0.528469174560122,0.249189506099865,1.17598143836328,0.28,80.4375,2.435,'00:04'),
 (3120,95,420,'A',1,2.435,2.911,0.383197110802891,0.616802889197109,0.236357085075208,1.02090882351313,0.16,86.3875,2.911,'00:02'),
 (3121,95,397,'D',1,2.911,3.091,0.45512110762642,0.54487889237358,0.247985885019321,0.910052559286444,0.11,88.6375,3.091,'00:03'),
 (3122,95,332,'C',1,3.091,3.328,0.441025785481546,0.558974214518454,0.246522042021931,0.829321351640226,0.08,91.6,3.328,'00:04'),
 (3123,95,345,'A',0,3.328,3.912,0.358012714004361,0.64198728599564,0.229839610615593,0.770644352184413,0.06,98.9,3.912,'00:05'),
 (3124,95,387,'A',1,3.912,3.491,0.603722516301716,0.396277483698284,0.23924163961204,0.721115783727893,0.05,93.6375,3.491,'00:03'),
 (3126,95,326,'B',0,3.703,3.703,0.5,0.5,0.25,0.642789904585378,0.04,96.2875,3.703,'00:11'),
 (3127,95,343,'C',0,3.703,3.101,0.646113741297625,0.353886258702375,0.228650774604011,0.614421478269258,0.03,88.7625,3.101,'00:06'),
 (3128,95,386,'A',1,3.101,1.943,0.760969114498475,0.239030885501525,0.181895121277882,0.594353746492366,0.02,74.2875,1.943,'00:04'),
 (3129,95,392,'A',0,1.943,2.081,0.46555464743179,0.53444535256821,0.248813517686452,0.569838150706105,0.02,76.0125,2.081,'00:01'),
 (3130,95,237,'A',0,2.081,1.796,0.570771611894492,0.429228388105508,0.244991378949855,0.548440651006351,0.02,72.45,1.796,'00:01'),
 (3131,95,376,'A',0,1.796,1.345,0.610876966586765,0.389123033413235,0.237706298280517,0.529826593233368,0.02,66.8125,1.345,'00:02'),
 (3132,95,351,'A',1,1.345,1.043,0.574931360490585,0.425068639509415,0.24438529121503,0.512537416562075,0.02,63.0375,1.043,'00:02'),
 (3133,95,357,'A',0,1.043,1.212,0.457850272143299,0.542149727856701,0.248223400441606,0.49660213265319,0.02,65.15,1.212,'00:01'),
 (3134,95,233,'A',1,1.212,0.942,0.567092904965454,0.432907095034546,0.245498542103297,0.482219066837117,0.01,61.775,0.942,'00:01'),
 (3135,96,231,'A',0,2,1.955,0.511248101946855,0.488751898053145,0.249873480202593,2.00050627135778,2,74.4375,1.955,'00:03'),
 (3136,96,376,'D',1,1.955,1.345,0.64794080208065,0.35205919791935,0.228113519079734,1.44641180535028,0.55,66.8125,1.345,'00:09'),
 (3137,96,386,'A',1,1.345,1.943,0.354801395436818,0.645198604563182,0.228917365232905,1.18937736300834,0.26,74.2875,1.943,'00:01'),
 (3138,96,392,'C',1,1.943,2.081,0.46555464743179,0.53444535256821,0.248813517686452,1.02290462905228,0.17,76.0125,2.081,'00:03'),
 (3139,96,333,'B',1,2.081,2.321,0.440286350732807,0.559713649267193,0.246434280091195,0.91205342597246,0.11,79.0125,2.321,'00:02'),
 (3140,96,341,'D',1,2.321,2.435,0.471530825439878,0.528469174560122,0.249189506099865,0.830070859800624,0.08,80.4375,2.435,'00:03'),
 (3141,96,420,'A',1,2.435,2.911,0.383197110802891,0.616802889197109,0.236357085075208,0.769755029444831,0.06,86.3875,2.911,'00:02'),
 (3142,96,397,'B',0,2.911,3.091,0.45512110762642,0.54487889237358,0.247985885019321,0.718758011051983,0.05,88.6375,3.091,'00:03'),
 (3143,96,188,'B',1,3.091,2.819,0.567583836010037,0.432416163989963,0.245432425110168,0.677112002694248,0.04,85.2375,2.819,'00:03'),
 (3144,96,382,'B',1,2.819,3.091,0.432416163989963,0.567583836010037,0.245432425110168,0.641956238223081,0.04,88.6375,3.091,'00:04'),
 (3145,96,387,'A',1,3.091,3.491,0.401312339887548,0.598687660112452,0.240260745741529,0.61235595193276,0.03,93.6375,3.491,'00:05'),
 (3146,96,326,'A',0,3.491,3.703,0.447197614555306,0.552802385444694,0.24721190809135,0.585805677237134,0.03,96.2875,3.703,'00:01'),
 (3147,96,332,'A',0,3.703,3.328,0.59266659995407,0.40733340004593,0.241412901252952,0.56295071852492,0.02,91.6,3.328,'00:01'),
 (3148,96,343,'A',0,3.328,3.101,0.556507559963506,0.443492440036494,0.246806895666971,0.542147429632691,0.02,88.7625,3.101,'00:01'),
 (3149,96,288,'A',1,3.101,1.379,0.848386269644231,0.151613730355769,0.128627007123377,0.53218079849565,0.01,67.2375,1.379,'00:01'),
 (3150,97,398,'A',0,3,2.991,0.502249984812623,0.497750015187377,0.249994937568343,2.00002025003417,2,87.3875,2.991,'00:05'),
 (3151,97,333,'B',1,2.991,2.321,0.661503159202952,0.338496840797048,0.223916729567466,1.45261759292808,0.55,79.0125,2.321,'00:07'),
 (3152,97,341,'D',1,2.321,2.435,0.471530825439878,0.528469174560122,0.249189506099865,1.17598143836328,0.28,80.4375,2.435,'00:03'),
 (3153,97,420,'A',1,2.435,2.911,0.383197110802891,0.616802889197109,0.236357085075208,1.02090882351313,0.16,86.3875,2.911,'00:02'),
 (3154,97,397,'D',1,2.911,3.091,0.45512110762642,0.54487889237358,0.247985885019321,0.910052559286444,0.11,88.6375,3.091,'00:03'),
 (3155,97,332,'C',1,3.091,3.328,0.441025785481546,0.558974214518454,0.246522042021931,0.829321351640226,0.08,91.6,3.328,'00:05'),
 (3157,97,345,'C',0,3.912,3.912,0.5,0.5,0.25,0.719107090898013,0.05,98.9,3.912,'00:09'),
 (3158,97,326,'A',0,3.912,3.703,0.552060632777803,0.447939367222197,0.247289690514775,0.677115351948663,0.04,96.2875,3.703,'00:07'),
 (3159,97,334,'B',1,3.703,3.143,0.636452540281567,0.363547459718434,0.231380704250707,0.643825956987277,0.03,89.2875,3.143,'00:04'),
 (3161,97,347,'B',0,3.943,3.943,0.5,0.5,0.25,0.589625727866995,0.03,99.2875,3.943,'00:11'),
 (3162,97,322,'A',0,3.943,3.321,0.650673280579215,0.349326719420785,0.227297562519497,0.567624705798646,0.02,91.5125,3.321,'00:04'),
 (3164,97,330,'B',0,3.012,3.012,0.5,0.5,0.25,0.527206690310972,0.02,87.65,3.012,'00:08'),
 (3165,97,386,'A',1,3.012,1.943,0.744406696967613,0.255593303032387,0.190265366477381,0.513795999406689,0.01,74.2875,1.943,'00:01'),
 (3166,99,231,'A',0,2,1.955,0.511248101946855,0.488751898053145,0.249873480202593,2.00050627135778,2,74.4375,1.955,'00:03'),
 (3167,99,376,'C',0,1.955,1.345,0.64794080208065,0.35205919791935,0.228113519079734,1.44641180535028,0.55,66.8125,1.345,'00:10'),
 (3168,99,351,'A',1,1.345,1.043,0.574931360490585,0.425068639509415,0.24438529121503,1.17657457881998,0.27,63.0375,1.043,'00:01'),
 (3169,99,357,'B',1,1.043,1.212,0.457850272143299,0.542149727856701,0.248223400441606,1.01503453932139,0.16,65.15,1.212,'00:03'),
 (3170,99,193,'D',1,1.212,1.316,0.474023409347442,0.525976590652558,0.249325216738069,0.905386808911472,0.11,66.45,1.316,'00:03'),
 (3171,99,250,'D',1,1.316,1.772,0.387935162933939,0.612064837066061,0.237441472293357,0.828354474918835,0.08,72.15,1.772,'00:03'),
 (3172,99,386,'A',1,1.772,1.943,0.457353867354538,0.542646132645462,0.248181307370386,0.765717505486394,0.06,74.2875,1.943,'00:01'),
 (3173,99,392,'C',1,1.943,2.081,0.46555464743179,0.53444535256821,0.248813517686452,0.715316145842911,0.05,76.0125,2.081,'00:03'),
 (3174,99,333,'B',1,2.081,2.321,0.440286350732807,0.559713649267193,0.246434280091195,0.674078618095599,0.04,79.0125,2.321,'00:05'),
 (3175,99,341,'A',0,2.321,2.435,0.471530825439878,0.528469174560122,0.249189506099865,0.638879043435824,0.04,80.4375,2.435,'00:04'),
 (3176,99,288,'A',1,2.435,1.379,0.741925398350274,0.258074601649726,0.191472101633061,0.615288146598572,0.02,67.2375,1.379,'00:02'),
 (3178,99,317,'A',1,1.532,1.532,0.5,0.5,0.25,0.564333032626742,0.02,69.15,1.532,'00:19'),
 (3179,99,248,'D',1,1.532,1.805,0.432170748171446,0.567829251828554,0.245399192596379,0.543494722621916,0.02,72.5625,1.805,'00:04'),
 (3180,99,420,'B',0,1.805,2.911,0.248617364042588,0.751382635957412,0.186806770339103,0.529092998636096,0.01,86.3875,2.911,'00:04'),
 (3199,100,203,'C',0,0,-0.008,0.501999989333402,0.498000010666598,0.249996000042666,2.00001600002133,2,49.9,-0.00800000000000001,'00:04'),
 (3200,100,215,'C',1,-0.00800000000000001,-0.259,0.562422619645223,0.437577380354777,0.246103416556628,1.41976230651663,0.58,46.7625,-0.259,'00:06'),
 (3201,100,253,'C',1,-0.259,0.476,0.324098472274059,0.675901527725941,0.21905865254368,1.18249408883292,0.24,55.95,0.476,'00:02'),
 (3202,100,311,'B',1,0.476,0.747,0.432661612983003,0.567338387016997,0.245465541633949,1.0202893927398,0.16,59.3375,0.747,'00:03'),
 (3203,100,198,'C',1,0.747,0.941,0.451651541849306,0.548348458150694,0.247662426594451,0.909735456667619,0.11,61.7625,0.941,'00:03'),
 (3204,100,412,'A',1,0.941,1.091,0.46257015465625,0.53742984534375,0.248599006677543,0.828490165433979,0.08,63.6375,1.091,'00:01'),
 (3205,100,288,'A',1,1.091,1.379,0.428493570532444,0.571506429467556,0.244886830544801,0.766565605205145,0.06,67.2375,1.379,'00:02'),
 (3206,100,317,'B',0,1.379,1.532,0.461824441931238,0.538175558068762,0.248542626766139,0.716057132536255,0.05,69.15,1.532,'00:03'),
 (3207,100,331,'A',1,1.532,1.325,0.551566002060074,0.448433997939926,0.24734094743154,0.674559398972871,0.04,66.5625,1.325,'00:01'),
 (3208,100,250,'D',1,1.325,1.772,0.390074279223029,0.609925720776971,0.237916335911663,0.640766108441921,0.03,72.15,1.772,'00:08'),
 (3209,100,386,'B',0,1.772,1.943,0.457353867354538,0.542646132645462,0.248181307370386,0.610419952979672,0.03,74.2875,1.943,'00:03'),
 (3210,100,358,'A',0,1.943,1.536,0.600368317448984,0.399631682551016,0.23992620085246,0.584837395109596,0.03,69.2,1.536,'00:07'),
 (3211,100,193,'A',0,1.536,1.316,0.554779235107215,0.445220764892785,0.246999235401069,0.561595855622324,0.02,66.45,1.316,'00:05'),
 (3212,100,384,'C',1,1.316,1.092,0.555767014292628,0.444232985707372,0.246890040116886,0.540930390475225,0.02,63.65,1.092,'00:03'),
 (3213,100,420,'A',1,1.092,2.911,0.139553908300357,0.860446091699643,0.120078614978452,0.531670716955348,0.01,86.3875,2.911,'00:01'),
 (3233,101,355,'B',1,-3.107,-3.107,0.5,0.5,0.25,1.41522467604175,0.59,11.1625,-3.107,'00:09'),
 (3234,101,180,'C',1,-3.107,-2.623,0.381308029398707,0.618691970601293,0.235912216114782,1.16626659530803,0.25,17.2125,-2.623,'00:06'),
 (3235,101,221,'B',1,-2.623,-1.672,0.278683758374059,0.721316241625941,0.201019121192568,1.03350291658126,0.13,29.1,-1.672,'00:03'),
 (3236,101,173,'C',1,-1.672,-1.514,0.460581968546467,0.539418031453533,0.248446218796328,0.918760937677266,0.11,31.075,-1.514,'00:03'),
 (3237,101,190,'A',0,-1.514,-1.356,0.460581968546467,0.539418031453533,0.248446218796328,0.835334274165277,0.08,33.05,-1.356,'00:02'),
 (3238,101,336,'A',1,-1.356,-2.103,0.678524663116644,0.321475336883356,0.218128944659089,0.778206930751799,0.06,23.7125,-2.103,'00:03'),
 (3239,101,422,'B',1,-2.103,-1.329,0.315614461811585,0.684385538188415,0.216001973306969,0.731812581101352,0.05,33.3875,-1.329,'00:02'),
 (3240,101,307,'C',1,-1.329,-1.205,0.469039660352691,0.530960339647309,0.249041457368923,0.687405869348392,0.04,34.9375,-1.205,'00:03'),
 (3241,101,202,'A',0,-1.205,-1.095,0.472527695655406,0.527472304344594,0.249245272493998,0.650183620911076,0.04,36.3125,-1.095,'00:01'),
 (3243,101,337,'D',1,-1.324,-1.324,0.5,0.5,0.25,0.591077035465355,0.03,33.45,-1.324,'00:10'),
 (3244,101,255,'D',1,-1.324,-1.128,0.451156265052948,0.548843734947052,0.247614289556422,0.567057788078261,0.02,35.9,-1.128,'00:03'),
 (3245,101,313,'A',1,-1.128,-0.724,0.400351677407594,0.599648322592406,0.24007021180452,0.546361414770341,0.02,40.95,-0.724,'00:02'),
 (3246,101,218,'B',0,-0.724,-0.574,0.46257015465625,0.53742984534375,0.248599006677543,0.527151600096039,0.02,42.825,-0.574,'00:03'),
 (3247,101,350,'B',0,-0.574,-1.032,0.612539613440915,0.387460386559085,0.237334835406569,0.5105832497123,0.02,37.1,-1.032,'00:03'),
 (3248,101,270,'B',1,-1.032,-1.267,0.558481112438161,0.441518887561839,0.246579959487995,0.494923594730909,0.02,34.1625,-1.267,'00:05'),
 (3249,101,241,'A',0,-1.267,-1.16,0.473275492543152,0.526724507456848,0.249285800701189,0.480471571436225,0.01,35.5,-1.16,'00:03'),
 (3250,102,203,'B',1,0,-0.008,0.501999989333402,0.498000010666598,0.249996000042666,2.00001600002133,2,49.9,-0.00800000000000001,'00:07'),
 (3251,102,278,'A',1,-0.00800000000000001,0.216,0.444232985707372,0.555767014292628,0.246890040116886,1.41863804385793,0.58,52.7,0.216,'00:01'),
 (3252,102,253,'C',1,0.216,0.476,0.435363708196971,0.564636291803029,0.245822149781954,1.16035504151151,0.26,55.95,0.476,'00:02'),
 (3253,102,311,'B',1,0.476,0.747,0.432661612983003,0.567338387016997,0.245465541633949,1.00596610423701,0.15,59.3375,0.747,'00:02'),
 (3254,102,198,'C',1,0.747,0.941,0.451651541849306,0.548348458150694,0.247662426594451,0.899538076213231,0.11,61.7625,0.941,'00:03'),
 (3255,102,412,'A',1,0.941,1.091,0.46257015465625,0.53742984534375,0.248599006677543,0.820766048147717,0.08,63.6375,1.091,'00:02'),
 (3256,102,288,'B',0,1.091,1.379,0.428493570532444,0.571506429467556,0.244886830544801,0.760434946969979,0.06,67.2375,1.379,'00:04'),
 (3257,102,404,'B',1,1.379,1.135,0.560699149682253,0.439300850317747,0.246315613227851,0.711453233519745,0.05,64.1875,1.135,'00:03'),
 (3258,102,193,'D',1,1.135,1.316,0.454873132890897,0.545126867109103,0.247963565864917,0.670612358471246,0.04,66.45,1.316,'00:07'),
 (3259,102,250,'D',1,1.316,1.772,0.387935162933939,0.612064837066061,0.237441472293357,0.637441640692577,0.03,72.15,1.772,'00:04'),
 (3261,102,386,'B',0,1.943,1.943,0.5,0.5,0.25,0.581314402537181,0.03,74.2875,1.943,'00:08'),
 (3262,102,232,'A',0,1.943,1.635,0.576397008902755,0.423602991097245,0.244163497030712,0.558721347394507,0.02,70.4375,1.635,'00:01'),
 (3263,102,376,'A',0,1.635,1.345,0.571996132931519,0.428003867068481,0.244816556842907,0.53852209151644,0.02,66.8125,1.345,'00:03'),
 (3264,102,351,'A',1,1.345,1.043,0.574931360490585,0.425068639509415,0.24438529121503,0.520396655297443,0.02,63.0375,1.043,'00:01'),
 (3265,102,357,'A',0,1.043,1.212,0.457850272143299,0.542149727856701,0.248223400441606,0.503740771497649,0.02,65.15,1.212,'00:01'),
 (3266,102,233,'B',0,1.212,0.942,0.567092904965454,0.432907095034546,0.245498542103297,0.488747155746142,0.01,61.775,0.942,'00:03'),
 (3267,103,231,'B',1,2,1.955,0.511248101946855,0.488751898053145,0.249873480202593,2.00050627135778,2,74.4375,1.955,'00:06'),
 (3268,103,413,'C',1,1.955,2.091,0.466052308585504,0.533947691414496,0.248847554247626,1.41602577016844,0.58,76.1375,2.091,'00:03'),
 (3269,103,420,'A',1,2.091,2.911,0.305763659891969,0.69423634010803,0.212272244181438,1.18595238392987,0.23,86.3875,2.911,'00:02'),
 (3270,103,397,'D',1,2.911,3.091,0.45512110762642,0.54487889237358,0.247985885019321,1.02116380866336,0.16,88.6375,3.091,'00:03'),
 (3271,103,332,'C',1,3.091,3.328,0.441025785481546,0.558974214518454,0.246522042021931,0.910785641716901,0.11,91.6,3.328,'00:05'),
 (3272,103,345,'A',0,3.328,3.912,0.358012714004361,0.64198728599564,0.229839610615593,0.834684757097575,0.08,98.9,3.912,'00:03'),
 (3273,103,387,'B',0,3.912,3.491,0.603722516301716,0.396277483698284,0.23924163961204,0.772763732584071,0.06,93.6375,3.491,'00:03'),
 (3274,103,319,'C',1,3.491,3.231,0.564636291803029,0.435363708196971,0.245822149781954,0.721611807097044,0.05,90.3875,3.231,'00:06'),
 (3275,103,189,'A',1,3.231,3.671,0.391740969253486,0.608259030746514,0.238279982261825,0.680621093722099,0.04,95.8875,3.671,'00:02'),
 (3277,103,347,'B',0,3.943,3.943,0.5,0.5,0.25,0.613818490799483,0.03,99.2875,3.943,'00:11'),
 (3278,103,326,'A',0,3.943,3.703,0.559713649267193,0.440286350732807,0.246434280091195,0.587164411871048,0.03,96.2875,3.703,'00:03'),
 (3279,103,334,'A',0,3.703,3.143,0.636452540281567,0.363547459718434,0.231380704250707,0.565059054054291,0.02,89.2875,3.143,'00:01'),
 (3280,103,346,'C',1,3.143,2.721,0.603961733109224,0.396038266890776,0.239191958048926,0.544643894020685,0.02,84.0125,2.721,'00:03'),
 (3281,103,423,'B',0,2.721,3.091,0.40854102156722,0.59145897843278,0.241635255264032,0.526114766728584,0.02,88.6375,3.091,'00:06'),
 (3282,103,402,'B',1,3.091,2.61,0.617983982386391,0.382016017613609,0.236079779900248,0.509724053649969,0.02,82.625,2.61,'00:05'),
 (3283,103,191,'A',0,2.61,2.812,0.44967101904112,0.55032898095888,0.247466993675641,0.494087429791239,0.02,85.15,2.812,'00:02'),
 (3284,103,341,'D',1,2.812,2.435,0.593149336128624,0.406850663871376,0.241323201178797,0.480146523624448,0.01,80.4375,2.435,'00:04'),
 (3285,104,398,'A',0,3,2.991,0.502249984812623,0.497750015187377,0.249994937568343,2.00002025003417,2,87.3875,2.991,'00:01'),
 (3286,104,333,'B',1,2.991,2.321,0.661503159202952,0.338496840797048,0.223916729567466,1.45261759292808,0.55,79.0125,2.321,'00:02'),
 (3287,104,341,'D',1,2.321,2.435,0.471530825439878,0.528469174560122,0.249189506099865,1.17598143836328,0.28,80.4375,2.435,'00:05'),
 (3288,104,420,'A',1,2.435,2.911,0.383197110802891,0.616802889197109,0.236357085075208,1.02090882351313,0.16,86.3875,2.911,'00:02'),
 (3289,104,397,'D',1,2.911,3.091,0.45512110762642,0.54487889237358,0.247985885019321,0.910052559286444,0.11,88.6375,3.091,'00:02'),
 (3290,104,332,'C',1,3.091,3.328,0.441025785481546,0.558974214518454,0.246522042021931,0.829321351640226,0.08,91.6,3.328,'00:03'),
 (3291,104,345,'A',0,3.328,3.912,0.358012714004361,0.64198728599564,0.229839610615593,0.770644352184413,0.06,98.9,3.912,'00:02'),
 (3292,104,387,'B',0,3.912,3.491,0.603722516301716,0.396277483698284,0.23924163961204,0.721115783727893,0.05,93.6375,3.491,'00:04'),
 (3293,104,319,'C',1,3.491,3.231,0.564636291803029,0.435363708196971,0.245822149781954,0.679021117034712,0.04,90.3875,3.231,'00:05'),
 (3294,104,189,'A',1,3.231,3.671,0.391740969253486,0.608259030746514,0.238279982261825,0.644537903427957,0.03,95.8875,3.671,'00:02'),
 (3296,104,347,'B',0,3.943,3.943,0.5,0.5,0.25,0.586958980439045,0.03,99.2875,3.943,'00:11'),
 (3297,104,326,'A',0,3.943,3.703,0.559713649267193,0.440286350732807,0.246434280091195,0.563524169394633,0.02,96.2875,3.703,'00:02'),
 (3299,104,334,'C',0,3.143,3.143,0.5,0.5,0.25,0.524835183858261,0.02,89.2875,3.143,'00:11'),
 (3300,104,386,'A',1,3.143,1.943,0.768524783499017,0.231475216500982,0.177894440646806,0.512430431354495,0.01,74.2875,1.943,'00:12'),
 (3337,105,203,'A',0,0,-0.008,0.501999989333402,0.498000010666598,0.249996000042666,2.00001600002133,2,49.9,-0.00800000000000001,'00:06'),
 (3338,105,215,'C',1,-0.00800000000000001,-0.259,0.562422619645223,0.437577380354777,0.246103416556628,1.41976230651663,0.58,46.7625,-0.259,'00:06'),
 (3339,105,253,'C',1,-0.259,0.476,0.324098472274059,0.675901527725941,0.21905865254368,1.18249408883292,0.24,55.95,0.476,'00:04'),
 (3340,105,311,'B',1,0.476,0.747,0.432661612983003,0.567338387016997,0.245465541633949,1.0202893927398,0.16,59.3375,0.747,'00:04'),
 (3341,105,198,'C',1,0.747,0.941,0.451651541849306,0.548348458150694,0.247662426594451,0.909735456667619,0.11,61.7625,0.941,'00:03'),
 (3342,105,412,'A',1,0.941,1.091,0.46257015465625,0.53742984534375,0.248599006677543,0.828490165433979,0.08,63.6375,1.091,'00:02'),
 (3344,105,404,'A',0,1.379,1.135,0.560699149682253,0.439300850317747,0.246315613227851,0.716466306521112,0.05,64.1875,1.135,'00:05'),
 (3345,105,288,'C',0,1.135,1.379,0.439300850317747,0.560699149682253,0.246315613227851,0.675059099651773,0.04,67.2375,1.379,'00:13'),
 (3346,105,209,'A',1,1.379,1.153,0.556260739141165,0.443739260858835,0.24683472923129,0.640022076251646,0.04,64.4125,1.153,'00:02'),
 (3347,105,386,'B',0,1.153,1.943,0.31216866941716,0.68783133058284,0.21471939125148,0.61360580858738,0.03,74.2875,1.943,'00:06'),
 (3348,105,358,'A',0,1.943,1.536,0.600368317448984,0.399631682551016,0.23992620085246,0.587637446106839,0.03,69.2,1.536,'00:00'),
 (3349,105,331,'C',0,1.536,1.325,0.552555160503138,0.447444839496862,0.247237955104489,0.56405236406199,0.02,66.5625,1.325,'00:04'),
 (3350,105,384,'C',1,1.325,1.092,0.557987894995782,0.442012105004218,0.246637404033958,0.543144770912906,0.02,63.65,1.092,'00:04'),
 (3351,105,420,'B',0,1.092,2.911,0.139553908300357,0.860446091699643,0.120078614978452,0.533772876550051,0.01,86.3875,2.911,'00:04'),
 (3352,106,407,'C',0,-2,-2.091,0.522734313593952,0.477265686406048,0.249483150985412,2.0020706071859,2,23.8625,-2.091,'00:06'),
 (3353,106,375,'D',1,-2.091,-2.324,0.557987894995782,0.442012105004218,0.246637404033958,1.4197320599854,0.58,20.95,-2.324,'00:05'),
 (3354,106,221,'B',1,-2.324,-1.672,0.342538983530784,0.657461016469216,0.225206028292481,1.17742711006742,0.24,29.1,-1.672,'00:06'),
 (3355,106,173,'C',1,-1.672,-1.514,0.460581968546467,0.539418031453533,0.248446218796328,1.01546509556666,0.16,31.075,-1.514,'00:03'),
 (3356,106,190,'C',1,-1.514,-1.356,0.460581968546467,0.539418031453533,0.248446218796328,0.906019013804377,0.11,33.05,-1.356,'00:03'),
 (3358,106,348,'D',1,-1.201,-1.201,0.5,0.5,0.25,0.763220154190793,0.06,34.9875,-1.201,'00:12'),
 (3359,106,314,'A',0,-1.201,-1.032,0.457850272143299,0.542149727856701,0.248223400441606,0.71338602285474,0.05,37.1,-1.032,'00:02'),
 (3360,106,200,'B',1,-1.032,-1.234,0.55032898095888,0.44967101904112,0.247466993675641,0.672305735467375,0.04,34.575,-1.234,'00:05'),
 (3361,106,217,'B',1,-1.234,-1.1,0.466550037321572,0.533449962678428,0.248881099996812,0.637408969013932,0.03,36.25,-1.1,'00:03'),
 (3362,106,183,'A',0,-1.1,-0.531,0.361467601636469,0.638532398363531,0.230808774603648,0.609472487910749,0.03,43.3625,-0.531,'00:01'),
 (3363,106,312,'A',0,-0.531,-0.865,0.582732318973205,0.417267681026795,0.243155363397316,0.58368264414092,0.03,39.1875,-0.865,'00:02'),
 (3364,106,408,'A',1,-0.865,-1.091,0.556260739141165,0.443739260858835,0.24683472923129,0.560587630211561,0.02,36.3625,-1.091,'00:02'),
 (3365,106,214,'B',1,-1.091,-0.952,0.465305842505011,0.53469415749499,0.248796315435713,0.539879199045807,0.02,38.1,-0.952,'00:05'),
 (3366,106,289,'A',0,-0.952,-0.312,0.345246539393681,0.654753460606319,0.226051366430368,0.522926913040937,0.02,46.1,-0.312,'00:01'),
 (3367,106,257,'A',0,-0.312,-0.668,0.588071803156498,0.411928196843502,0.242243357488763,0.506422610637991,0.02,41.65,-0.668,'00:01'),
 (3368,106,202,'C',1,-0.668,-1.095,0.6051570690632,0.3948429309368,0.238941990826037,0.491584409336413,0.01,36.3125,-1.095,'00:03'),
 (3369,107,398,'B',0,3,2.991,0.502249984812623,0.497750015187377,0.249994937568343,2.00002025003417,2,87.3875,2.991,'00:10'),
 (3370,107,333,'D',0,2.991,2.321,0.661503159202952,0.338496840797048,0.223916729567466,1.45261759292808,0.55,79.0125,2.321,'00:04'),
 (3371,107,383,'C',1,2.321,2.109,0.552802385444694,0.447197614555306,0.24721190809135,1.17759283090261,0.28,76.3625,2.109,'00:07'),
 (3372,107,420,'A',1,2.109,2.911,0.309597862109642,0.690402137890358,0.213747025886781,1.03424694952686,0.14,86.3875,2.911,'00:03'),
 (3373,107,397,'D',1,2.911,3.091,0.45512110762642,0.54487889237358,0.247985885019321,0.919462395855701,0.11,88.6375,3.091,'00:03'),
 (3374,107,332,'C',1,3.091,3.328,0.441025785481546,0.558974214518454,0.246522042021931,0.836423782846551,0.08,91.6,3.328,'00:05'),
 (3376,107,345,'C',0,3.912,3.912,0.5,0.5,0.25,0.723722748925379,0.05,98.9,3.912,'00:11'),
 (3378,107,326,'C',0,3.703,3.703,0.5,0.5,0.25,0.644623836477177,0.04,96.2875,3.703,'00:13'),
 (3379,107,343,'B',1,3.703,3.101,0.646113741297625,0.353886258702375,0.228650774604011,0.616022564334914,0.03,88.7625,3.101,'00:06'),
 (3380,107,387,'A',1,3.101,3.491,0.403717300703212,0.596282699296788,0.240729641816124,0.589676739857462,0.03,93.6375,3.491,'00:01'),
 (3381,107,328,'A',0,3.491,3.821,0.418240623158164,0.581759376841836,0.243315404298435,0.566210781612261,0.02,97.7625,3.821,'00:02'),
 (3382,107,334,'A',0,3.821,3.143,0.66329217204829,0.336707827951711,0.223335666547752,0.5469677718673,0.02,89.2875,3.143,'00:02'),
 (3383,107,346,'A',0,3.143,2.721,0.603961733109224,0.396038266890776,0.239191958048926,0.528388674631729,0.02,84.0125,2.721,'00:01'),
 (3384,107,386,'A',1,2.721,1.943,0.685248908158737,0.314751091841263,0.215682842025996,0.513163808620025,0.02,74.2875,1.943,'00:01'),
 (3385,107,392,'C',1,1.943,2.081,0.46555464743179,0.53444535256821,0.248813517686452,0.49713557698761,0.02,76.0125,2.081,'00:03'),
 (3386,107,191,'C',0,2.081,2.812,0.324975322672399,0.675024677327601,0.219366362326369,0.484183785707399,0.01,85.15,2.812,'00:07'),
 (3387,108,231,'B',1,2,1.955,0.511248101946855,0.488751898053145,0.249873480202593,2.00050627135778,2,74.4375,1.955,'00:07'),
 (3388,108,413,'C',1,1.955,2.091,0.466052308585504,0.533947691414496,0.248847554247626,1.41602577016844,0.58,76.1375,2.091,'00:03'),
 (3389,108,420,'A',1,2.091,2.911,0.305763659891969,0.69423634010803,0.212272244181438,1.18595238392987,0.23,86.3875,2.911,'00:02'),
 (3390,108,397,'D',1,2.911,3.091,0.45512110762642,0.54487889237358,0.247985885019321,1.02116380866336,0.16,88.6375,3.091,'00:03'),
 (3391,108,332,'C',1,3.091,3.328,0.441025785481546,0.558974214518454,0.246522042021931,0.910785641716901,0.11,91.6,3.328,'00:04'),
 (3393,108,345,'C',0,3.912,3.912,0.5,0.5,0.25,0.770293318075205,0.06,98.9,3.912,'00:14'),
 (3395,108,326,'B',0,3.703,3.703,0.5,0.5,0.25,0.676877206134933,0.04,96.2875,3.703,'00:12'),
 (3396,108,343,'B',1,3.703,3.101,0.646113741297625,0.353886258702375,0.228650774604011,0.643985461057076,0.03,88.7625,3.101,'00:06'),
 (3397,108,387,'A',1,3.101,3.491,0.403717300703212,0.596282699296788,0.240729641816124,0.614062173868808,0.03,93.6375,3.491,'00:01'),
 (3399,108,328,'B',0,3.821,3.821,0.5,0.5,0.25,0.563854622207452,0.02,97.7625,3.821,'00:12'),
 (3400,108,382,'A',0,3.821,3.091,0.674805272582313,0.325194727417687,0.219443116677423,0.54515794309776,0.02,88.6375,3.091,'00:02'),
 (3401,108,386,'A',1,3.091,1.943,0.759145419201664,0.240854580798336,0.182843651706794,0.530923410230007,0.01,74.2875,1.943,'00:01'),
 (3419,109,231,'A',0,2,1.955,0.511248101946855,0.488751898053145,0.249873480202593,2.00050627135778,2,74.4375,1.955,'00:03'),
 (3420,109,376,'D',1,1.955,1.345,0.64794080208065,0.35205919791935,0.228113519079734,1.44641180535028,0.55,66.8125,1.345,'00:06'),
 (3421,109,386,'A',1,1.345,1.943,0.354801395436818,0.645198604563182,0.228917365232905,1.18937736300834,0.26,74.2875,1.943,'00:01'),
 (3422,109,392,'C',1,1.943,2.081,0.46555464743179,0.53444535256821,0.248813517686452,1.02290462905228,0.17,76.0125,2.081,'00:04'),
 (3423,109,333,'B',1,2.081,2.321,0.440286350732807,0.559713649267193,0.246434280091195,0.91205342597246,0.11,79.0125,2.321,'00:03'),
 (3424,109,341,'A',0,2.321,2.435,0.471530825439878,0.528469174560122,0.249189506099865,0.830070859800624,0.08,80.4375,2.435,'00:02'),
 (3425,109,288,'A',1,2.435,1.379,0.741925398350274,0.258074601649726,0.191472101633061,0.780199796643876,0.05,67.2375,1.379,'00:03'),
 (3426,109,317,'A',1,1.379,1.532,0.461824441931238,0.538175558068762,0.248542626766139,0.727132093710767,0.05,69.15,1.532,'00:02'),
 (3427,109,232,'A',0,1.532,1.635,0.47427274102019,0.52572725897981,0.249338108145386,0.683475030230977,0.04,70.4375,1.635,'00:03'),
 (3428,109,210,'A',0,1.635,1.286,0.586375060536162,0.413624939463838,0.242539348917374,0.647763794486607,0.04,66.075,1.286,'00:02'),
 (3430,109,357,'A',0,1.043,1.212,0.457850272143299,0.542149727856701,0.248223400441606,0.589480565283331,0.03,65.15,1.212,'00:03'),
 (3431,109,233,'C',0,1.212,0.942,0.567092904965454,0.432907095034546,0.245498542103297,0.56583924068437,0.02,61.775,0.942,'00:04');
INSERT INTO `peserta_test_jawaban_dengan_model` (`idpeserta_test_jawaban_dengan_model`,`idpeserta_test`,`idsoal`,`jawaban`,`nilai`,`thetaAwal`,`b`,`P`,`Q`,`PQ`,`SE`,`selisihSE`,`skor`,`thetaAkhir`,`waktu`) VALUES 
 (3433,109,253,'B',0,0.727,0.476,0.562422619645222,0.437577380354778,0.246103416556628,0.525839856133691,0.02,55.95,0.476,'00:05'),
 (3434,109,206,'B',1,0.476,0.266,0.552307909574325,0.447692090425675,0.247263882595964,0.508736140437064,0.02,53.325,0.266,'00:03'),
 (3435,109,275,'A',0,0.266,0.463,0.45090866287784,0.54909133712216,0.247590040619558,0.493180135500779,0.02,55.7875,0.463,'00:01'),
 (3436,109,410,'B',0,0.463,0.231,0.55774124330949,0.44225875669051,0.246665948821074,0.479019857704153,0.01,52.8875,0.231,'00:04'),
 (3455,110,231,'C',0,2,1.955,0.511248101946855,0.488751898053145,0.249873480202593,2.00050627135778,2,74.4375,1.955,'00:18'),
 (3456,110,376,'D',1,1.955,1.345,0.64794080208065,0.35205919791935,0.228113519079734,1.44641180535028,0.55,66.8125,1.345,'00:08'),
 (3457,110,386,'A',1,1.345,1.943,0.354801395436818,0.645198604563182,0.228917365232905,1.18937736300834,0.26,74.2875,1.943,'00:02'),
 (3458,110,392,'C',1,1.943,2.081,0.46555464743179,0.53444535256821,0.248813517686452,1.02290462905228,0.17,76.0125,2.081,'00:04'),
 (3459,110,333,'B',1,2.081,2.321,0.440286350732807,0.559713649267193,0.246434280091195,0.91205342597246,0.11,79.0125,2.321,'00:02'),
 (3460,110,341,'D',1,2.321,2.435,0.471530825439878,0.528469174560122,0.249189506099865,0.830070859800624,0.08,80.4375,2.435,'00:04'),
 (3461,110,420,'A',1,2.435,2.911,0.383197110802891,0.616802889197109,0.236357085075208,0.769755029444831,0.06,86.3875,2.911,'00:02'),
 (3462,110,397,'A',0,2.911,3.091,0.45512110762642,0.54487889237358,0.247985885019321,0.718758011051983,0.05,88.6375,3.091,'00:01'),
 (3463,110,188,'B',1,3.091,2.819,0.567583836010037,0.432416163989963,0.245432425110168,0.677112002694248,0.04,85.2375,2.819,'00:07'),
 (3464,110,382,'B',1,2.819,3.091,0.432416163989963,0.567583836010037,0.245432425110168,0.641956238223081,0.04,88.6375,3.091,'00:03'),
 (3465,110,387,'A',1,3.091,3.491,0.401312339887548,0.598687660112452,0.240260745741529,0.61235595193276,0.03,93.6375,3.491,'00:01'),
 (3466,110,326,'A',0,3.491,3.703,0.447197614555306,0.552802385444694,0.24721190809135,0.585805677237134,0.03,96.2875,3.703,'00:01'),
 (3467,110,332,'A',0,3.703,3.328,0.59266659995407,0.40733340004593,0.241412901252952,0.56295071852492,0.02,91.6,3.328,'00:01'),
 (3468,110,343,'A',0,3.328,3.101,0.556507559963506,0.443492440036494,0.246806895666971,0.542147429632691,0.02,88.7625,3.101,'00:02'),
 (3469,110,288,'A',1,3.101,1.379,0.848386269644231,0.151613730355769,0.128627007123377,0.53218079849565,0.01,67.2375,1.379,'00:01'),
 (3506,111,398,'C',1,3,2.991,0.502249984812623,0.497750015187377,0.249994937568343,2.00002025003417,2,87.3875,2.991,'00:12'),
 (3507,111,334,'B',1,2.991,3.143,0.462072994025907,0.537927005974093,0.248561542217841,1.41625943920118,0.58,89.2875,3.143,'00:03'),
 (3509,111,345,'C',0,3.912,3.912,0.5,0.5,0.25,1.01799644377396,0.16,98.9,3.912,'00:11'),
 (3511,111,326,'B',0,3.703,3.703,0.5,0.5,0.25,0.826970153796048,0.08,96.2875,3.703,'00:17'),
 (3512,111,343,'B',1,3.703,3.101,0.646113741297625,0.353886258702375,0.228650774604011,0.769026846541137,0.06,88.7625,3.101,'00:06'),
 (3513,111,387,'A',1,3.101,3.491,0.403717300703212,0.596282699296788,0.240729641816124,0.719512718049551,0.05,93.6375,3.491,'00:05'),
 (3514,111,328,'B',0,3.491,3.821,0.418240623158164,0.581759376841836,0.243315404298435,0.67807263212253,0.04,97.7625,3.821,'00:06'),
 (3515,111,332,'A',0,3.821,3.328,0.620812900593825,0.379187099406175,0.235404243050107,0.644110433593181,0.03,91.6,3.328,'00:03'),
 (3517,111,382,'C',0,3.091,3.091,0.5,0.5,0.25,0.586526130284208,0.03,88.6375,3.091,'00:12'),
 (3518,111,402,'B',1,3.091,2.61,0.617983982386391,0.382016017613609,0.236079779900248,0.564067966056307,0.02,82.625,2.61,'00:03'),
 (3520,111,191,'D',1,2.812,2.812,0.5,0.5,0.25,0.52411257809084,0.02,85.15,2.812,'00:13'),
 (3521,111,423,'C',0,2.812,3.091,0.430698956414443,0.569301043585557,0.245197365357953,0.507306342239409,0.02,88.6375,3.091,'00:04'),
 (3522,111,368,'C',1,3.091,2.409,0.664184930402333,0.335815069597667,0.223043308628781,0.493344343596957,0.01,80.1125,2.409,'00:05'),
 (3523,112,203,'D',0,0,-0.008,0.501999989333402,0.498000010666598,0.249996000042666,2.00001600002133,2,49.9,-0.00800000000000001,'00:10'),
 (3524,112,215,'C',1,-0.00800000000000001,-0.259,0.562422619645223,0.437577380354777,0.246103416556628,1.41976230651663,0.58,46.7625,-0.259,'00:04'),
 (3525,112,253,'C',1,-0.259,0.476,0.324098472274059,0.675901527725941,0.21905865254368,1.18249408883292,0.24,55.95,0.476,'00:03'),
 (3526,112,311,'B',1,0.476,0.747,0.432661612983003,0.567338387016997,0.245465541633949,1.0202893927398,0.16,59.3375,0.747,'00:03'),
 (3527,112,198,'C',1,0.747,0.941,0.451651541849306,0.548348458150694,0.247662426594451,0.909735456667619,0.11,61.7625,0.941,'00:04'),
 (3528,112,412,'A',1,0.941,1.091,0.46257015465625,0.53742984534375,0.248599006677543,0.828490165433979,0.08,63.6375,1.091,'00:02'),
 (3529,112,288,'A',1,1.091,1.379,0.428493570532444,0.571506429467556,0.244886830544801,0.766565605205145,0.06,67.2375,1.379,'00:03'),
 (3530,112,317,'B',0,1.379,1.532,0.461824441931238,0.538175558068762,0.248542626766139,0.716057132536255,0.05,69.15,1.532,'00:03'),
 (3531,112,331,'C',0,1.532,1.325,0.551566002060074,0.448433997939926,0.24734094743154,0.674559398972871,0.04,66.5625,1.325,'00:04'),
 (3532,112,384,'A',0,1.325,1.092,0.557987894995782,0.442012105004218,0.246637404033958,0.639621982374035,0.03,63.65,1.092,'00:01'),
 (3533,112,223,'B',1,1.092,0.756,0.583218549084033,0.416781450915967,0.243074673088348,0.6100093160137,0.03,59.45,0.756,'00:06'),
 (3534,112,256,'A',1,0.756,0.965,0.447939367222197,0.552060632777803,0.247289690514775,0.58374249454553,0.03,62.0625,0.965,'00:02'),
 (3535,112,372,'C',0,0.965,1.093,0.468043619202359,0.531956380797641,0.248978789726316,0.560451835829258,0.02,63.6625,1.093,'00:04'),
 (3536,112,301,'A',0,1.093,0.727,0.590492084976564,0.409507915023436,0.241811182556594,0.540307955172619,0.02,59.0875,0.727,'00:02'),
 (3537,112,220,'A',0,0.727,-0.174,0.711154959574184,0.288845040425816,0.205413583047225,0.524801662393681,0.02,47.825,-0.174,'00:22'),
 (3539,112,257,'C',0,-0.668,-0.668,0.5,0.5,0.25,0.492891511921538,0.02,41.65,-0.668,'00:28'),
 (3540,112,214,'A',0,-0.668,-0.952,0.570526603196299,0.429473396803701,0.245025998241592,0.478845379538588,0.01,38.1,-0.952,'00:02'),
 (3558,113,407,'D',0,-2,-2.091,0.522734313593952,0.477265686406048,0.249483150985412,2.0020706071859,2,23.8625,-2.091,'00:04'),
 (3560,113,375,'D',1,-2.324,-2.324,0.5,0.5,0.25,1.15769857225162,0.26,20.95,-2.324,'00:10'),
 (3561,113,172,'A',1,-2.324,-2.186,0.46555464743179,0.53444535256821,0.248813517686452,1.0025426283134,0.16,22.675,-2.186,'00:02'),
 (3562,113,235,'B',1,-2.186,-1.897,0.428248701232034,0.571751298767966,0.24485175112511,0.898104074971306,0.1,26.2875,-1.897,'00:03'),
 (3563,113,424,'B',1,-1.897,-1.514,0.405403537798677,0.594596462201323,0.241051509338994,0.821762506895683,0.08,31.075,-1.514,'00:04'),
 (3564,113,422,'A',0,-1.514,-1.329,0.45388145895422,0.54611854104578,0.247873080171809,0.760569448166634,0.06,33.3875,-1.329,'00:03'),
 (3565,113,303,'B',1,-1.329,-1.862,0.63018254212079,0.369817457879211,0.233052505726969,0.713964699213157,0.05,26.725,-1.862,'00:03'),
 (3566,113,266,'A',0,-1.862,-1.564,0.426046472451909,0.573953527548091,0.244530875763194,0.673237545909067,0.04,30.45,-1.564,'00:01'),
 (3567,113,336,'A',1,-1.564,-2.103,0.631579761601992,0.368420238398008,0.232686766336763,0.640318177002611,0.03,23.7125,-2.103,'00:01'),
 (3568,113,221,'A',0,-2.103,-1.672,0.39388756610078,0.60611243389922,0.238740151371984,0.611107144380907,0.03,29.1,-1.672,'00:01'),
 (3569,113,297,'A',0,-1.672,-1.956,0.570526603196299,0.429473396803701,0.245025998241592,0.58493069183792,0.03,25.55,-1.956,'00:01'),
 (3570,113,240,'B',0,-1.956,-2.589,0.653169391528382,0.346830608471618,0.226539137498825,0.563500050349339,0.02,17.6375,-2.589,'00:05'),
 (3571,113,411,'D',1,-2.589,-3.291,0.668631048659622,0.331368951340378,0.221563569427956,0.54466607274166,0.02,8.8625,-3.291,'00:02'),
 (3572,113,421,'B',0,-3.291,-1.231,0.113045830072079,0.886954169927921,0.100266470375394,0.536741830889124,0.01,34.6125,-1.231,'00:04'),
 (3609,115,398,'C',1,3,2.991,0.502249984812623,0.497750015187377,0.249994937568343,2.00002025003417,2,87.3875,2.991,'00:06'),
 (3610,115,334,'B',1,2.991,3.143,0.462072994025907,0.537927005974093,0.248561542217841,1.41625943920118,0.58,89.2875,3.143,'00:03'),
 (3612,115,345,'C',0,3.912,3.912,0.5,0.5,0.25,1.01799644377396,0.16,98.9,3.912,'00:08'),
 (3613,115,326,'A',0,3.912,3.703,0.552060632777803,0.447939367222197,0.247289690514775,0.90824849840282,0.11,96.2875,3.703,'00:02'),
 (3614,115,332,'C',1,3.703,3.328,0.59266659995407,0.40733340004593,0.241412901252952,0.829409109685184,0.08,91.6,3.328,'00:03'),
 (3615,115,347,'A',0,3.328,3.943,0.350919475755427,0.649080524244573,0.227774997290963,0.77118779896543,0.06,99.2875,3.943,'00:02'),
 (3616,115,387,'A',1,3.943,3.491,0.61111464651201,0.38888535348799,0.237653535330511,0.721859476727177,0.05,93.6375,3.491,'00:01'),
 (3617,115,328,'A',0,3.491,3.821,0.418240623158164,0.581759376841836,0.243315404298435,0.680035738247349,0.04,97.7625,3.821,'00:03'),
 (3618,115,330,'B',0,3.821,3.012,0.691896369435959,0.308103630564041,0.213175783397298,0.648806707057338,0.03,87.65,3.012,'00:05'),
 (3619,115,346,'A',0,3.012,2.721,0.572240931843387,0.427759068156613,0.244781247766399,0.617759683588234,0.03,84.0125,2.721,'00:05'),
 (3620,115,386,'A',1,2.721,1.943,0.685248908158737,0.314751091841263,0.215682842025996,0.593804720424119,0.02,74.2875,1.943,'00:00'),
 (3621,115,392,'B',0,1.943,2.081,0.46555464743179,0.53444535256821,0.248813517686452,0.569354244575409,0.02,76.0125,2.081,'00:04'),
 (3622,115,237,'C',0,2.081,1.796,0.570771611894492,0.429228388105508,0.244991378949855,0.54800919528923,0.02,72.45,1.796,'00:04'),
 (3623,115,376,'D',1,1.796,1.345,0.610876966586765,0.389123033413235,0.237706298280517,0.529437563528953,0.02,66.8125,1.345,'00:03'),
 (3624,115,420,'A',1,1.345,2.911,0.172787371228056,0.827212628771944,0.142931895572154,0.519140170361597,0.01,86.3875,2.911,'00:02'),
 (3706,29,398,'A',0,3,2.991,0.502249984812623,0.497750015187377,0.249994937568343,2.00002025003417,2,87.3875,2.991,'00:00'),
 (3707,29,333,'A',0,2.991,2.321,0.661503159202952,0.338496840797048,0.223916729567466,1.45261759292808,0.55,79.0125,2.321,'00:02'),
 (3708,29,383,'A',0,2.321,2.109,0.552802385444694,0.447197614555306,0.24721190809135,1.17759283090261,0.28,76.3625,2.109,'00:02'),
 (3709,29,288,'A',1,2.109,1.379,0.674805272582313,0.325194727417687,0.219443116677423,1.03111048353345,0.15,67.2375,1.379,'00:01'),
 (3710,29,317,'A',1,1.379,1.532,0.461824441931238,0.538175558068762,0.248542626766139,0.917041751170892,0.11,69.15,1.532,'00:02'),
 (3711,29,232,'C',1,1.532,1.635,0.47427274102019,0.52572725897981,0.249338108145386,0.833782936855647,0.08,70.4375,1.635,'00:03'),
 (3712,29,250,'D',1,1.635,1.772,0.465803469499505,0.534196530500495,0.248830597301729,0.769850994170954,0.06,72.15,1.772,'00:02'),
 (3713,29,386,'A',1,1.772,1.943,0.457353867354538,0.542646132645462,0.248181307370386,0.718799845177675,0.05,74.2875,1.943,'00:01'),
 (3714,29,392,'C',1,1.943,2.081,0.46555464743179,0.53444535256821,0.248813517686452,0.676622688216448,0.04,76.0125,2.081,'00:03'),
 (3715,29,191,'A',0,2.081,2.812,0.324975322672399,0.675024677327601,0.219366362326369,0.645008384207351,0.03,85.15,2.812,'00:00'),
 (3716,29,341,'D',1,2.812,2.435,0.593149336128624,0.406850663871376,0.241323201178797,0.614879830855443,0.03,80.4375,2.435,'00:04'),
 (3717,29,420,'B',0,2.435,2.911,0.383197110802891,0.616802889197109,0.236357085075208,0.589120710981972,0.03,86.3875,2.911,'00:06'),
 (3718,29,402,'A',0,2.911,2.61,0.574686956906244,0.425313043093756,0.244421858468085,0.565618336980043,0.02,82.625,2.61,'00:02'),
 (3719,29,264,'B',1,2.61,2.141,0.61514704250921,0.38485295749079,0.236741158601382,0.545343301057868,0.02,76.7625,2.141,'00:05'),
 (3720,29,280,'A',0,2.141,2.268,0.468292605928051,0.531707394071949,0.248994641161166,0.526208142380943,0.02,78.35,2.268,'00:03'),
 (3721,29,351,'B',0,2.268,1.043,0.772942259396739,0.227057740603261,0.175502523035403,0.513870294110071,0.01,63.0375,1.043,'00:03'),
 (3722,31,398,'A',0,3,2.991,0.502249984812623,0.497750015187377,0.249994937568343,2.00002025003417,2,87.3875,2.991,'00:05'),
 (3723,31,333,'C',0,2.991,2.321,0.661503159202952,0.338496840797048,0.223916729567466,1.45261759292808,0.55,79.0125,2.321,'00:12'),
 (3724,31,383,'C',1,2.321,2.109,0.552802385444694,0.447197614555306,0.24721190809135,1.17759283090261,0.28,76.3625,2.109,'00:04'),
 (3725,31,420,'A',1,2.109,2.911,0.309597862109642,0.690402137890358,0.213747025886781,1.03424694952686,0.14,86.3875,2.911,'00:02'),
 (3726,31,397,'D',1,2.911,3.091,0.45512110762642,0.54487889237358,0.247985885019321,0.919462395855701,0.11,88.6375,3.091,'00:04'),
 (3727,31,332,'C',1,3.091,3.328,0.441025785481546,0.558974214518454,0.246522042021931,0.836423782846551,0.08,91.6,3.328,'00:03'),
 (3729,31,345,'C',0,3.912,3.912,0.5,0.5,0.25,0.723722748925379,0.05,98.9,3.912,'00:09'),
 (3731,31,326,'B',0,3.703,3.703,0.5,0.5,0.25,0.644623836477177,0.04,96.2875,3.703,'00:13'),
 (3732,31,343,'B',1,3.703,3.101,0.646113741297625,0.353886258702375,0.228650774604011,0.616022564334914,0.03,88.7625,3.101,'00:05'),
 (3733,31,387,'A',1,3.101,3.491,0.403717300703212,0.596282699296788,0.240729641816124,0.589676739857462,0.03,93.6375,3.491,'00:01'),
 (3734,31,328,'A',0,3.491,3.821,0.418240623158164,0.581759376841836,0.243315404298435,0.566210781612261,0.02,97.7625,3.821,'00:02'),
 (3735,31,334,'A',0,3.821,3.143,0.66329217204829,0.336707827951711,0.223335666547752,0.5469677718673,0.02,89.2875,3.143,'00:02'),
 (3736,31,346,'A',0,3.143,2.721,0.603961733109224,0.396038266890776,0.239191958048926,0.528388674631729,0.02,84.0125,2.721,'00:01'),
 (3737,31,386,'C',0,2.721,1.943,0.685248908158737,0.314751091841263,0.215682842025996,0.513163808620025,0.02,74.2875,1.943,'00:02'),
 (3738,31,358,'A',0,1.943,1.536,0.600368317448984,0.399631682551016,0.23992620085246,0.497682443523829,0.02,69.2,1.536,'00:02'),
 (3739,31,331,'A',1,1.536,1.325,0.552555160503138,0.447444839496862,0.247237955104489,0.483109924692002,0.01,66.5625,1.325,'00:01'),
 (3740,40,231,'A',0,2,1.955,0.511248101946855,0.488751898053145,0.249873480202593,2.00050627135778,2,74.4375,1.955,'00:03'),
 (3741,40,376,'D',1,1.955,1.345,0.64794080208065,0.35205919791935,0.228113519079734,1.44641180535028,0.55,66.8125,1.345,'00:07'),
 (3742,40,386,'A',1,1.345,1.943,0.354801395436818,0.645198604563182,0.228917365232905,1.18937736300834,0.26,74.2875,1.943,'00:01'),
 (3743,40,392,'C',1,1.943,2.081,0.46555464743179,0.53444535256821,0.248813517686452,1.02290462905228,0.17,76.0125,2.081,'00:03'),
 (3745,40,333,'B',1,2.321,2.321,0.5,0.5,0.25,0.829839182540614,0.08,79.0125,2.321,'00:07'),
 (3746,40,420,'A',1,2.321,2.911,0.356634854305598,0.643365145694402,0.229446435000023,0.77114994472208,0.06,86.3875,2.911,'00:02'),
 (3747,40,397,'D',1,2.911,3.091,0.45512110762642,0.54487889237358,0.247985885019321,0.719893249318716,0.05,88.6375,3.091,'00:03'),
 (3748,40,332,'A',0,3.091,3.328,0.441025785481546,0.558974214518454,0.246522042021931,0.677891088079202,0.04,91.6,3.328,'00:01'),
 (3749,40,343,'B',1,3.328,3.101,0.556507559963506,0.443492440036494,0.246806895666971,0.642437749839014,0.04,88.7625,3.101,'00:05'),
 (3750,40,387,'A',1,3.101,3.491,0.403717300703212,0.596282699296788,0.240729641816124,0.612719901004275,0.03,93.6375,3.491,'00:01'),
 (3752,40,326,'C',0,3.703,3.703,0.5,0.5,0.25,0.562467864928859,0.02,96.2875,3.703,'00:13'),
 (3753,40,382,'A',0,3.703,3.091,0.648396894017565,0.351603105982435,0.22797836184594,0.543218929014069,0.02,88.6375,3.091,'00:01'),
 (3754,40,288,'B',0,3.091,1.379,0.847095513512142,0.152904486487858,0.129524704499743,0.533126148263231,0.01,67.2375,1.379,'00:03'),
 (3773,43,203,'B',1,0,-0.008,0.501999989333402,0.498000010666598,0.249996000042666,2.00001600002133,2,49.9,-0.00800000000000001,'00:03'),
 (3774,43,278,'A',1,-0.00800000000000001,0.216,0.444232985707372,0.555767014292628,0.246890040116886,1.41863804385793,0.58,52.7,0.216,'00:01'),
 (3775,43,253,'C',1,0.216,0.476,0.435363708196971,0.564636291803029,0.245822149781954,1.16035504151151,0.26,55.95,0.476,'00:03'),
 (3776,43,311,'B',1,0.476,0.747,0.432661612983003,0.567338387016997,0.245465541633949,1.00596610423701,0.15,59.3375,0.747,'00:02'),
 (3777,43,198,'C',1,0.747,0.941,0.451651541849306,0.548348458150694,0.247662426594451,0.899538076213231,0.11,61.7625,0.941,'00:03'),
 (3778,43,412,'A',1,0.941,1.091,0.46257015465625,0.53742984534375,0.248599006677543,0.820766048147717,0.08,63.6375,1.091,'00:04'),
 (3779,43,288,'B',0,1.091,1.379,0.428493570532444,0.571506429467556,0.244886830544801,0.760434946969979,0.06,67.2375,1.379,'00:04'),
 (3780,43,404,'B',1,1.379,1.135,0.560699149682253,0.439300850317747,0.246315613227851,0.711453233519745,0.05,64.1875,1.135,'00:05'),
 (3781,43,193,'D',1,1.135,1.316,0.454873132890897,0.545126867109103,0.247963565864917,0.670612358471246,0.04,66.45,1.316,'00:03'),
 (3782,43,250,'D',1,1.316,1.772,0.387935162933939,0.612064837066061,0.237441472293357,0.637441640692577,0.03,72.15,1.772,'00:03'),
 (3783,43,386,'C',0,1.772,1.943,0.457353867354538,0.542646132645462,0.248181307370386,0.607543734720351,0.03,74.2875,1.943,'00:04'),
 (3784,43,358,'A',0,1.943,1.536,0.600368317448984,0.399631682551016,0.23992620085246,0.582306392082146,0.03,69.2,1.536,'00:04'),
 (3785,43,331,'B',0,1.536,1.325,0.552555160503138,0.447444839496862,0.247237955104489,0.559332747295399,0.02,66.5625,1.325,'00:03'),
 (3786,43,384,'C',1,1.325,1.092,0.557987894995782,0.442012105004218,0.246637404033958,0.538926922315995,0.02,63.65,1.092,'00:03'),
 (3787,43,420,'A',1,1.092,2.911,0.139553908300357,0.860446091699643,0.120078614978452,0.529768025671933,0.01,86.3875,2.911,'00:03'),
 (3788,51,231,'B',1,2,1.955,0.511248101946855,0.488751898053145,0.249873480202593,2.00050627135778,2,74.4375,1.955,'00:07'),
 (3789,51,413,'C',1,1.955,2.091,0.466052308585504,0.533947691414496,0.248847554247626,1.41602577016844,0.58,76.1375,2.091,'00:04'),
 (3790,51,420,'A',1,2.091,2.911,0.305763659891969,0.69423634010803,0.212272244181438,1.18595238392987,0.23,86.3875,2.911,'00:02'),
 (3791,51,397,'D',1,2.911,3.091,0.45512110762642,0.54487889237358,0.247985885019321,1.02116380866336,0.16,88.6375,3.091,'00:06'),
 (3792,51,332,'A',0,3.091,3.328,0.441025785481546,0.558974214518454,0.246522042021931,0.910785641716901,0.11,91.6,3.328,'00:02'),
 (3793,51,343,'B',1,3.328,3.101,0.556507559963506,0.443492440036494,0.246806895666971,0.829794630077883,0.08,88.7625,3.101,'00:05'),
 (3794,51,387,'A',1,3.101,3.491,0.403717300703212,0.596282699296788,0.240729641816124,0.768540360931717,0.06,93.6375,3.491,'00:02'),
 (3796,51,326,'B',0,3.703,3.703,0.5,0.5,0.25,0.67569886601192,0.04,96.2875,3.703,'00:11'),
 (3797,51,382,'A',0,3.703,3.091,0.648396894017565,0.351603105982435,0.22797836184594,0.643059822205392,0.03,88.6375,3.091,'00:01'),
 (3799,51,386,'B',0,1.943,1.943,0.5,0.5,0.25,0.592237540833921,0.03,74.2875,1.943,'00:09'),
 (3800,51,232,'A',0,1.943,1.635,0.576397008902755,0.423602991097245,0.244163497030712,0.568398829399259,0.02,70.4375,1.635,'00:01'),
 (3801,51,376,'B',0,1.635,1.345,0.571996132931519,0.428003867068481,0.244816556842907,0.54717141880672,0.02,66.8125,1.345,'00:04'),
 (3802,51,351,'B',0,1.345,1.043,0.574931360490585,0.425068639509415,0.24438529121503,0.52818920819092,0.02,63.0375,1.043,'00:04'),
 (3803,51,291,'C',0,1.043,0.823,0.554779235107215,0.445220764892785,0.246999235401069,0.510880349534779,0.02,60.2875,0.823,'00:04'),
 (3804,51,27,'A',0,0.823,0.485,0.583704617368393,0.416295382631607,0.242993537031211,0.49541206751406,0.02,56.0625,0.485,'00:01'),
 (3805,51,247,'C',1,0.485,0.278,0.551566002060074,0.448433997939926,0.24734094743154,0.481026650142281,0.01,53.475,0.278,'00:03'),
 (3859,77,398,'B',0,3,2.991,0.502249984812623,0.497750015187377,0.249994937568343,2.00002025003417,2,87.3875,2.991,'00:11'),
 (3860,77,333,'B',1,2.991,2.321,0.661503159202952,0.338496840797048,0.223916729567466,1.45261759292808,0.55,79.0125,2.321,'00:06'),
 (3861,77,341,'D',1,2.321,2.435,0.471530825439878,0.528469174560122,0.249189506099865,1.17598143836328,0.28,80.4375,2.435,'00:05'),
 (3862,77,420,'A',1,2.435,2.911,0.383197110802891,0.616802889197109,0.236357085075208,1.02090882351313,0.16,86.3875,2.911,'00:02'),
 (3863,77,397,'D',1,2.911,3.091,0.45512110762642,0.54487889237358,0.247985885019321,0.910052559286444,0.11,88.6375,3.091,'00:02'),
 (3864,77,332,'C',1,3.091,3.328,0.441025785481546,0.558974214518454,0.246522042021931,0.829321351640226,0.08,91.6,3.328,'00:05'),
 (3865,77,345,'A',0,3.328,3.912,0.358012714004361,0.64198728599564,0.229839610615593,0.770644352184413,0.06,98.9,3.912,'00:01'),
 (3866,77,387,'A',1,3.912,3.491,0.603722516301716,0.396277483698284,0.23924163961204,0.721115783727893,0.05,93.6375,3.491,'00:01'),
 (3868,77,326,'A',0,3.703,3.703,0.5,0.5,0.25,0.642789904585378,0.04,96.2875,3.703,'00:08'),
 (3869,77,343,'A',0,3.703,3.101,0.646113741297625,0.353886258702375,0.228650774604011,0.614421478269258,0.03,88.7625,3.101,'00:01'),
 (3870,77,386,'C',0,3.101,1.943,0.760969114498475,0.239030885501525,0.181895121277882,0.594353746492366,0.02,74.2875,1.943,'00:02'),
 (3871,77,358,'B',1,1.943,1.536,0.600368317448984,0.399631682551016,0.23992620085246,0.570662168253827,0.02,69.2,1.536,'00:03'),
 (3872,77,237,'A',0,1.536,1.796,0.435363708196971,0.564636291803029,0.245822149781954,0.549106380821845,0.02,72.45,1.796,'00:01'),
 (3873,77,376,'D',1,1.796,1.345,0.610876966586765,0.389123033413235,0.237706298280517,0.530426740137104,0.02,66.8125,1.345,'00:07'),
 (3874,77,423,'B',0,1.345,3.091,0.148552425523725,0.851447574476275,0.126484602394743,0.521233313157028,0.01,88.6375,3.091,'00:03'),
 (3875,69,203,'B',1,0,-0.008,0.501999989333402,0.498000010666598,0.249996000042666,2.00001600002133,2,49.9,-0.00800000000000001,'00:06'),
 (3876,69,278,'A',1,-0.00800000000000001,0.216,0.444232985707372,0.555767014292628,0.246890040116886,1.41863804385793,0.58,52.7,0.216,'00:01'),
 (3877,69,253,'C',1,0.216,0.476,0.435363708196971,0.564636291803029,0.245822149781954,1.16035504151151,0.26,55.95,0.476,'00:02'),
 (3878,69,311,'B',1,0.476,0.747,0.432661612983003,0.567338387016997,0.245465541633949,1.00596610423701,0.15,59.3375,0.747,'00:01'),
 (3879,69,198,'C',1,0.747,0.941,0.451651541849306,0.548348458150694,0.247662426594451,0.899538076213231,0.11,61.7625,0.941,'00:03'),
 (3880,69,412,'B',0,0.941,1.091,0.46257015465625,0.53742984534375,0.248599006677543,0.820766048147717,0.08,63.6375,1.091,'00:04'),
 (3881,69,223,'B',1,1.091,0.756,0.582975454201199,0.417024545798801,0.243115074000105,0.760824793903341,0.06,59.45,0.756,'00:03'),
 (3882,69,256,'A',1,0.756,0.965,0.447939367222197,0.552060632777803,0.247289690514775,0.711596904453004,0.05,62.0625,0.965,'00:01'),
 (3883,69,372,'A',0,0.965,1.093,0.468043619202359,0.531956380797641,0.248978789726316,0.670579556411775,0.04,63.6625,1.093,'00:03'),
 (3884,69,301,'A',0,1.093,0.727,0.590492084976564,0.409507915023436,0.241811182556594,0.63684839095262,0.03,59.0875,0.727,'00:01'),
 (3885,69,220,'A',0,0.727,-0.174,0.711154959574184,0.288845040425816,0.205413583047225,0.611870507965315,0.02,47.825,-0.174,'00:01'),
 (3886,69,257,'B',1,-0.174,-0.668,0.621048276380829,0.378951723619171,0.23534731478523,0.586574251337381,0.03,41.65,-0.668,'00:03'),
 (3887,69,207,'A',0,-0.668,-0.566,0.474522085522507,0.525477914477493,0.249350875873878,0.562923367957747,0.02,42.925,-0.566,'00:03'),
 (3888,69,178,'A',0,-0.566,-0.809,0.560452819137498,0.439547180862502,0.246345456658329,0.542159764341266,0.02,39.8875,-0.809,'00:01'),
 (3890,69,350,'A',1,-1.032,-1.032,0.5,0.5,0.25,0.506434313271946,0.02,37.1,-1.032,'00:06'),
 (3891,69,313,'C',0,-1.032,-0.724,0.423602991097245,0.576397008902755,0.244163497030712,0.491285244440744,0.02,40.95,-0.724,'00:03'),
 (3892,69,214,'A',0,-0.724,-0.952,0.556754352892941,0.443245647107059,0.246778943427704,0.477276836086711,0.01,38.1,-0.952,'00:01'),
 (3893,67,231,'A',0,2,1.955,0.511248101946855,0.488751898053145,0.249873480202593,2.00050627135778,2,74.4375,1.955,'00:03'),
 (3894,67,376,'B',0,1.955,1.345,0.64794080208065,0.35205919791935,0.228113519079734,1.44641180535028,0.55,66.8125,1.345,'00:03'),
 (3895,67,351,'A',1,1.345,1.043,0.574931360490585,0.425068639509415,0.24438529121503,1.17657457881998,0.27,63.0375,1.043,'00:01'),
 (3896,67,357,'B',1,1.043,1.212,0.457850272143299,0.542149727856701,0.248223400441606,1.01503453932139,0.16,65.15,1.212,'00:03'),
 (3897,67,193,'D',1,1.212,1.316,0.474023409347442,0.525976590652558,0.249325216738069,0.905386808911472,0.11,66.45,1.316,'00:04'),
 (3898,67,250,'D',1,1.316,1.772,0.387935162933939,0.612064837066061,0.237441472293357,0.828354474918835,0.08,72.15,1.772,'00:03'),
 (3899,67,386,'A',1,1.772,1.943,0.457353867354538,0.542646132645462,0.248181307370386,0.765717505486394,0.06,74.2875,1.943,'00:02'),
 (3900,67,392,'C',1,1.943,2.081,0.46555464743179,0.53444535256821,0.248813517686452,0.715316145842911,0.05,76.0125,2.081,'00:03'),
 (3901,67,333,'A',0,2.081,2.321,0.440286350732807,0.559713649267193,0.246434280091195,0.674078618095599,0.04,79.0125,2.321,'00:02'),
 (3902,67,383,'C',1,2.321,2.109,0.552802385444694,0.447197614555306,0.24721190809135,0.639137047747538,0.03,76.3625,2.109,'00:06'),
 (3903,67,420,'A',1,2.109,2.911,0.309597862109642,0.690402137890358,0.213747025886781,0.612937700122631,0.03,86.3875,2.911,'00:02'),
 (3904,67,397,'A',0,2.911,3.091,0.45512110762642,0.54487889237358,0.247985885019321,0.586236943920597,0.03,88.6375,3.091,'00:01'),
 (3905,67,188,'A',0,3.091,2.819,0.567583836010037,0.432416163989963,0.245432425110168,0.562974476178868,0.02,85.2375,2.819,'00:02'),
 (3906,67,341,'A',0,2.819,2.435,0.594837490890115,0.405162509109885,0.241005850321667,0.54263149422692,0.02,80.4375,2.435,'00:03'),
 (3907,67,288,'A',1,2.435,1.379,0.741925398350274,0.258074601649726,0.191472101633061,0.527952884322545,0.01,67.2375,1.379,'00:01'),
 (3925,59,398,'B',0,3,2.991,0.502249984812623,0.497750015187377,0.249994937568343,2.00002025003417,2,87.3875,2.991,'00:06'),
 (3926,59,333,'A',0,2.991,2.321,0.661503159202952,0.338496840797048,0.223916729567466,1.45261759292808,0.55,79.0125,2.321,'00:03'),
 (3927,59,383,'C',1,2.321,2.109,0.552802385444694,0.447197614555306,0.24721190809135,1.17759283090261,0.28,76.3625,2.109,'01:36'),
 (3928,59,420,'A',1,2.109,2.911,0.309597862109642,0.690402137890358,0.213747025886781,1.03424694952686,0.14,86.3875,2.911,'03:00'),
 (3930,59,188,'A',0,3.091,2.819,0.567583836010037,0.432416163989963,0.245432425110168,0.836742768641018,0.08,85.2375,2.819,'03:00'),
 (3931,59,397,'D',1,2.819,3.091,0.432416163989963,0.567583836010037,0.245432425110168,0.772962498164514,0.06,88.6375,3.091,'03:00'),
 (3932,59,387,'A',1,3.091,3.491,0.401312339887548,0.598687660112452,0.240260745741529,0.722821506886289,0.05,93.6375,3.491,'00:03'),
 (3934,59,326,'A',0,3.703,3.703,0.5,0.5,0.25,0.643997117889447,0.04,96.2875,3.703,'00:13'),
 (3935,59,343,'C',0,3.703,3.101,0.646113741297625,0.353886258702375,0.228650774604011,0.615475550517988,0.03,88.7625,3.101,'00:07'),
 (3936,59,386,'A',1,3.101,1.943,0.760969114498475,0.239030885501525,0.181895121277882,0.595307715755538,0.02,74.2875,1.943,'00:02'),
 (3937,59,392,'A',0,1.943,2.081,0.46555464743179,0.53444535256821,0.248813517686452,0.57067871206451,0.02,76.0125,2.081,'00:02'),
 (3938,59,237,'A',0,2.081,1.796,0.570771611894492,0.429228388105508,0.244991378949855,0.549189911663989,0.02,72.45,1.796,'00:01'),
 (3939,59,376,'A',0,1.796,1.345,0.610876966586765,0.389123033413235,0.237706298280517,0.530502031817539,0.02,66.8125,1.345,'00:02'),
 (3940,59,351,'A',1,1.345,1.043,0.574931360490585,0.425068639509415,0.24438529121503,0.513148792018361,0.02,63.0375,1.043,'00:02'),
 (3941,59,357,'A',0,1.043,1.212,0.457850272143299,0.542149727856701,0.248223400441606,0.497158177000686,0.02,65.15,1.212,'00:01'),
 (3942,59,233,'C',0,1.212,0.942,0.567092904965454,0.432907095034546,0.245498542103297,0.48272813410177,0.01,61.775,0.942,'00:02'),
 (3961,88,398,'A',0,3,2.991,0.502249984812623,0.497750015187377,0.249994937568343,2.00002025003417,2,87.3875,2.991,'00:03'),
 (3962,88,333,'A',0,2.991,2.321,0.661503159202952,0.338496840797048,0.223916729567466,1.45261759292808,0.55,79.0125,2.321,'00:02'),
 (3963,88,383,'C',1,2.321,2.109,0.552802385444694,0.447197614555306,0.24721190809135,1.17759283090261,0.28,76.3625,2.109,'00:04'),
 (3964,88,420,'A',1,2.109,2.911,0.309597862109642,0.690402137890358,0.213747025886781,1.03424694952686,0.14,86.3875,2.911,'00:02'),
 (3965,88,397,'D',1,2.911,3.091,0.45512110762642,0.54487889237358,0.247985885019321,0.919462395855701,0.11,88.6375,3.091,'00:04'),
 (3966,88,332,'C',1,3.091,3.328,0.441025785481546,0.558974214518454,0.246522042021931,0.836423782846551,0.08,91.6,3.328,'00:03'),
 (3968,88,345,'C',0,3.912,3.912,0.5,0.5,0.25,0.723722748925379,0.05,98.9,3.912,'00:09'),
 (3969,88,326,'A',0,3.912,3.703,0.552060632777803,0.447939367222197,0.247289690514775,0.680964513338397,0.04,96.2875,3.703,'00:02'),
 (3970,88,334,'A',0,3.703,3.143,0.636452540281567,0.363547459718434,0.231380704250707,0.647132147802964,0.03,89.2875,3.143,'00:03'),
 (3971,88,346,'C',1,3.143,2.721,0.603961733109224,0.396038266890776,0.239191958048926,0.616968953280467,0.03,84.0125,2.721,'00:04'),
 (3972,88,423,'A',1,2.721,3.091,0.40854102156722,0.59145897843278,0.241635255264032,0.590413448500584,0.03,88.6375,3.091,'00:01'),
 (3973,88,319,'C',1,3.091,3.231,0.465057054841786,0.534942945158214,0.24877899058367,0.566365949822292,0.02,90.3875,3.231,'00:03'),
 (3974,88,189,'C',0,3.231,3.671,0.391740969253486,0.608259030746514,0.238279982261825,0.545888067209734,0.02,95.8875,3.671,'00:03'),
 (3975,88,343,'A',0,3.671,3.101,0.638763175148842,0.361236824851158,0.230744781222612,0.528035840977486,0.02,88.7625,3.101,'00:01'),
 (3976,88,386,'C',0,3.101,1.943,0.760969114498475,0.239030885501525,0.181895121277882,0.515134527388938,0.01,74.2875,1.943,'00:04'),
 (4012,114,407,'A',0,-2,-2.091,0.522734313593952,0.477265686406048,0.249483150985412,2.0020706071859,2,23.8625,-2.091,'00:27'),
 (4013,114,375,'D',1,-2.091,-2.324,0.557987894995782,0.442012105004218,0.246637404033958,1.4197320599854,0.58,20.95,-2.324,'00:10'),
 (4014,114,221,'C',0,-2.324,-1.672,0.342538983530784,0.657461016469216,0.225206028292481,1.17742711006742,0.24,29.1,-1.672,'00:10'),
 (4015,114,297,'D',1,-1.672,-1.956,0.570526603196299,0.429473396803701,0.245025998241592,1.01726053078278,0.16,25.55,-1.956,'00:05'),
 (4016,114,236,'A',1,-1.956,-1.817,0.465305842505011,0.53469415749499,0.248796315435713,0.907162839023659,0.11,27.2875,-1.817,'00:02'),
 (4017,114,424,'B',1,-1.817,-1.514,0.424824272549313,0.575175727450687,0.24434861000226,0.827748345297987,0.08,31.075,-1.514,'00:05'),
 (4018,114,422,'B',1,-1.514,-1.329,0.45388145895422,0.54611854104578,0.247873080171809,0.765307733995878,0.06,33.3875,-1.329,'00:04'),
 (4019,114,307,'C',1,-1.329,-1.205,0.469039660352691,0.530960339647309,0.249041457368923,0.714940395235028,0.05,34.9375,-1.205,'00:07'),
 (4020,114,202,'C',1,-1.205,-1.095,0.472527695655406,0.527472304344594,0.249245272493998,0.673334675650035,0.04,36.3125,-1.095,'00:08'),
 (4021,114,214,'B',1,-1.095,-0.952,0.464310796659104,0.535689203340896,0.248726280764892,0.638305784316519,0.04,38.1,-0.952,'00:04'),
 (4022,114,183,'B',1,-0.952,-0.531,0.396277483698284,0.603722516301716,0.23924163961204,0.609300330618236,0.03,43.3625,-0.531,'00:03'),
 (4023,114,315,'A',0,-0.531,-0.132,0.401552624326375,0.598447375673625,0.240308114222976,0.583814501052659,0.03,48.35,-0.132,'00:21'),
 (4024,114,207,'B',1,-0.132,-0.566,0.606828425889384,0.393171574110616,0.238587687421996,0.561432752422428,0.02,42.925,-0.566,'00:05'),
 (4025,114,285,'C',1,-0.566,-0.355,0.447444839496862,0.552555160503138,0.247237955104489,0.54075712422609,0.02,45.5625,-0.355,'00:04'),
 (4026,114,220,'A',0,-0.355,-0.174,0.454873132890897,0.545126867109103,0.247963565864917,0.52215779015095,0.02,47.825,-0.174,'00:01'),
 (4027,114,257,'A',0,-0.174,-0.668,0.621048276380829,0.378951723619171,0.23534731478523,0.506170507333698,0.02,41.65,-0.668,'00:03'),
 (4028,114,408,'A',1,-0.668,-1.091,0.604200900183119,0.395799099816881,0.239142172401028,0.491341940030641,0.01,36.3625,-1.091,'00:02'),
 (4029,45,355,'A',0,-3,-3.107,0.526724507456848,0.473275492543152,0.249285800701189,2.00286293277139,2,11.1625,-3.107,'03:00'),
 (4030,45,407,'A',0,-2,-2.091,0.522734313593952,0.477265686406048,0.249483150985412,1.41595774902253,0.59,23.8625,-2.091,'03:00'),
 (4031,45,375,'A',0,-2.091,-2.324,0.557987894995782,0.442012105004218,0.246637404033958,1.1582530547457,0.26,20.95,-2.324,'02:58'),
 (4032,98,231,'A',0,2,1.955,0.511248101946855,0.488751898053145,0.249873480202593,2.00050627135778,2,74.4375,1.955,'00:03'),
 (4033,98,376,'D',1,1.955,1.345,0.64794080208065,0.35205919791935,0.228113519079734,1.44641180535028,0.55,66.8125,1.345,'00:05'),
 (4034,98,386,'A',1,1.345,1.943,0.354801395436818,0.645198604563182,0.228917365232905,1.18937736300834,0.26,74.2875,1.943,'00:01'),
 (4035,98,392,'C',1,1.943,2.081,0.46555464743179,0.53444535256821,0.248813517686452,1.02290462905228,0.17,76.0125,2.081,'00:04'),
 (4036,98,333,'B',1,2.081,2.321,0.440286350732807,0.559713649267193,0.246434280091195,0.91205342597246,0.11,79.0125,2.321,'00:03'),
 (4037,98,341,'D',1,2.321,2.435,0.471530825439878,0.528469174560122,0.249189506099865,0.830070859800624,0.08,80.4375,2.435,'00:04'),
 (4038,98,420,'A',1,2.435,2.911,0.383197110802891,0.616802889197109,0.236357085075208,0.769755029444831,0.06,86.3875,2.911,'00:02'),
 (4039,98,397,'D',1,2.911,3.091,0.45512110762642,0.54487889237358,0.247985885019321,0.718758011051983,0.05,88.6375,3.091,'00:04'),
 (4040,98,332,'C',1,3.091,3.328,0.441025785481546,0.558974214518454,0.246522042021931,0.676942934196444,0.04,91.6,3.328,'00:04'),
 (4042,98,345,'C',0,3.912,3.912,0.5,0.5,0.25,0.612903636823196,0.03,98.9,3.912,'00:09'),
 (4043,98,326,'A',0,3.912,3.703,0.552060632777803,0.447939367222197,0.247289690514775,0.586277275417896,0.03,96.2875,3.703,'00:03'),
 (4044,98,334,'A',0,3.703,3.143,0.636452540281567,0.363547459718434,0.231380704250707,0.564268256259439,0.02,89.2875,3.143,'00:04'),
 (4045,98,346,'C',1,3.143,2.721,0.603961733109224,0.396038266890776,0.239191958048926,0.54393564413071,0.02,84.0125,2.721,'00:03'),
 (4046,98,423,'B',0,2.721,3.091,0.40854102156722,0.59145897843278,0.241635255264032,0.525476287589666,0.02,88.6375,3.091,'00:06'),
 (4047,98,402,'A',0,3.091,2.61,0.617983982386391,0.382016017613609,0.236079779900248,0.509143343926491,0.02,82.625,2.61,'00:01'),
 (4048,98,264,'B',1,2.61,2.141,0.61514704250921,0.38485295749079,0.236741158601382,0.49420453983301,0.01,76.7625,2.141,'00:02'),
 (4059,46,203,'A',0,0,-0.008,0.501999989333402,0.498000010666598,0.249996000042666,2.00001600002133,2,49.9,-0.00800000000000001,'00:05'),
 (4060,46,215,'C',1,-0.00800000000000001,-0.259,0.562422619645223,0.437577380354777,0.246103416556628,1.41976230651663,0.58,46.7625,-0.259,'00:05'),
 (4061,46,253,'C',1,-0.259,0.476,0.324098472274059,0.675901527725941,0.21905865254368,1.18249408883292,0.24,55.95,0.476,'00:03'),
 (4062,46,311,'B',1,0.476,0.747,0.432661612983003,0.567338387016997,0.245465541633949,1.0202893927398,0.16,59.3375,0.747,'00:03'),
 (4063,46,198,'C',1,0.747,0.941,0.451651541849306,0.548348458150694,0.247662426594451,0.909735456667619,0.11,61.7625,0.941,'00:03'),
 (4064,46,412,'A',1,0.941,1.091,0.46257015465625,0.53742984534375,0.248599006677543,0.828490165433979,0.08,63.6375,1.091,'00:01'),
 (4065,46,288,'A',1,1.091,1.379,0.428493570532444,0.571506429467556,0.244886830544801,0.766565605205145,0.06,67.2375,1.379,'00:01'),
 (4066,46,317,'B',0,1.379,1.532,0.461824441931238,0.538175558068762,0.248542626766139,0.716057132536255,0.05,69.15,1.532,'00:03'),
 (4067,46,331,'D',0,1.532,1.325,0.551566002060074,0.448433997939926,0.24734094743154,0.674559398972871,0.04,66.5625,1.325,'00:03'),
 (4068,46,384,'C',1,1.325,1.092,0.557987894995782,0.442012105004218,0.246637404033958,0.639621982374035,0.03,63.65,1.092,'00:05'),
 (4069,46,386,'A',1,1.092,1.943,0.29922312678724,0.70077687321276,0.209688647182907,0.613834161472346,0.03,74.2875,1.943,'00:01'),
 (4070,46,392,'A',0,1.943,2.081,0.46555464743179,0.53444535256821,0.248813517686452,0.586937442712951,0.03,76.0125,2.081,'00:04'),
 (4071,46,237,'A',0,2.081,1.796,0.570771611894492,0.429228388105508,0.244991378949855,0.563634246315647,0.02,72.45,1.796,'00:01'),
 (4072,46,376,'D',1,1.796,1.345,0.610876966586765,0.389123033413235,0.237706298280517,0.543486873724274,0.02,66.8125,1.345,'00:06'),
 (4073,46,420,'A',1,1.345,2.911,0.172787371228056,0.827212628771944,0.142931895572154,0.532365103718248,0.01,86.3875,2.911,'00:02'),
 (4074,54,407,'A',0,-2,-2.091,0.522734313593952,0.477265686406048,0.249483150985412,2.0020706071859,2,23.8625,-2.091,'01:07'),
 (4075,54,375,'D',1,-2.091,-2.324,0.557987894995782,0.442012105004218,0.246637404033958,1.4197320599854,0.58,20.95,-2.324,'01:14'),
 (4076,54,221,'B',1,-2.324,-1.672,0.342538983530784,0.657461016469216,0.225206028292481,1.17742711006742,0.24,29.1,-1.672,'01:39'),
 (4077,54,173,'C',1,-1.672,-1.514,0.460581968546467,0.539418031453533,0.248446218796328,1.01546509556666,0.16,31.075,-1.514,'01:26'),
 (4078,54,190,'C',1,-1.514,-1.356,0.460581968546467,0.539418031453533,0.248446218796328,0.906019013804377,0.11,33.05,-1.356,'01:12'),
 (4079,54,348,'D',1,-1.356,-1.201,0.461327394793492,0.538672605206508,0.248504429606542,0.825706839860149,0.08,34.9875,-1.201,'01:35'),
 (4080,54,354,'B',1,-1.201,-1.054,0.463316034871416,0.536683965128584,0.248654286702445,0.763519468485263,0.06,36.825,-1.054,'01:54'),
 (4081,54,260,'B',1,-1.054,-0.94,0.471530825439878,0.528469174560122,0.249189506099865,0.713454942283288,0.05,38.25,-0.94,'02:06'),
 (4082,54,313,'A',1,-0.94,-0.724,0.446208977050798,0.553791022949202,0.247106525850078,0.672418210320172,0.04,40.95,-0.724,'01:51'),
 (4083,54,218,'A',0,-0.724,-0.574,0.46257015465625,0.53742984534375,0.248599006677543,0.637541367319023,0.03,42.825,-0.574,'01:34'),
 (4084,54,350,'A',1,-0.574,-1.032,0.612539613440915,0.387460386559085,0.237334835406569,0.608850421247709,0.03,37.1,-1.032,'01:56'),
 (4085,54,312,'A',0,-1.032,-0.865,0.458346760632396,0.541653239367604,0.248265007650185,0.582630234948822,0.03,39.1875,-0.865,'01:32'),
 (4086,54,408,'B',0,-0.865,-1.091,0.556260739141165,0.443739260858835,0.24683472923129,0.559655072121092,0.02,36.3625,-1.091,'01:07'),
 (4087,54,337,'D',1,-1.091,-1.324,0.557987894995782,0.442012105004218,0.246637404033958,0.539215223057191,0.02,33.45,-1.324,'01:52'),
 (4088,54,183,'B',1,-1.324,-0.531,0.311524874500819,0.688475125499181,0.214477127068068,0.523150101577964,0.02,43.3625,-0.531,'01:04'),
 (4089,54,315,'A',0,-0.531,-0.132,0.401552624326375,0.598447375673625,0.240308114222976,0.506751190330262,0.02,48.35,-0.132,'00:33'),
 (4090,54,207,'B',1,-0.132,-0.566,0.606828425889384,0.393171574110616,0.238587687421996,0.491906012453669,0.01,42.925,-0.566,'01:06'),
 (4091,66,203,'B',1,0,-0.008,0.501999989333402,0.498000010666598,0.249996000042666,2.00001600002133,2,49.9,-0.00800000000000001,'00:07'),
 (4092,66,278,'A',1,-0.00800000000000001,0.216,0.444232985707372,0.555767014292628,0.246890040116886,1.41863804385793,0.58,52.7,0.216,'00:01'),
 (4093,66,253,'C',1,0.216,0.476,0.435363708196971,0.564636291803029,0.245822149781954,1.16035504151151,0.26,55.95,0.476,'00:03'),
 (4094,66,311,'B',1,0.476,0.747,0.432661612983003,0.567338387016997,0.245465541633949,1.00596610423701,0.15,59.3375,0.747,'00:03'),
 (4095,66,198,'C',1,0.747,0.941,0.451651541849306,0.548348458150694,0.247662426594451,0.899538076213231,0.11,61.7625,0.941,'00:03'),
 (4096,66,412,'A',1,0.941,1.091,0.46257015465625,0.53742984534375,0.248599006677543,0.820766048147717,0.08,63.6375,1.091,'00:01'),
 (4097,66,288,'C',0,1.091,1.379,0.428493570532444,0.571506429467556,0.244886830544801,0.760434946969979,0.06,67.2375,1.379,'00:17'),
 (4098,66,404,'B',1,1.379,1.135,0.560699149682253,0.439300850317747,0.246315613227851,0.711453233519745,0.05,64.1875,1.135,'00:05'),
 (4099,66,193,'D',1,1.135,1.316,0.454873132890897,0.545126867109103,0.247963565864917,0.670612358471246,0.04,66.45,1.316,'00:03'),
 (4100,66,250,'D',1,1.316,1.772,0.387935162933939,0.612064837066061,0.237441472293357,0.637441640692577,0.03,72.15,1.772,'00:03'),
 (4101,66,386,'B',0,1.772,1.943,0.457353867354538,0.542646132645462,0.248181307370386,0.607543734720351,0.03,74.2875,1.943,'00:05'),
 (4102,66,358,'A',0,1.943,1.536,0.600368317448984,0.399631682551016,0.23992620085246,0.582306392082146,0.03,69.2,1.536,'00:01'),
 (4103,66,331,'B',0,1.536,1.325,0.552555160503138,0.447444839496862,0.247237955104489,0.559332747295399,0.02,66.5625,1.325,'00:03'),
 (4104,66,384,'C',1,1.325,1.092,0.557987894995782,0.442012105004218,0.246637404033958,0.538926922315995,0.02,63.65,1.092,'00:03'),
 (4105,66,420,'A',1,1.092,2.911,0.139553908300357,0.860446091699643,0.120078614978452,0.529768025671933,0.01,86.3875,2.911,'00:02'),
 (4123,89,355,'A',0,-3,-3.107,0.526724507456848,0.473275492543152,0.249285800701189,2.00286293277139,2,11.1625,-3.107,'03:00'),
 (4124,3,231,'A',0,2,1.955,0.511248101946855,0.488751898053145,0.249873480202593,2.00050627135778,2,74.4375,1.955,'00:01'),
 (4125,3,376,'A',0,1.955,1.345,0.64794080208065,0.35205919791935,0.228113519079734,1.44641180535028,0.55,66.8125,1.345,'00:00'),
 (4126,3,351,'A',1,1.345,1.043,0.574931360490585,0.425068639509415,0.24438529121503,1.17657457881998,0.27,63.0375,1.043,'00:01'),
 (4127,3,357,'A',0,1.043,1.212,0.457850272143299,0.542149727856701,0.248223400441606,1.01503453932139,0.16,65.15,1.212,'00:01'),
 (4128,3,233,'A',1,1.212,0.942,0.567092904965454,0.432907095034546,0.245498542103297,0.906810177018149,0.11,61.775,0.942,'00:01'),
 (4129,3,412,'A',1,0.942,1.091,0.462818762947581,0.537181237052419,0.248617555611252,0.826273665713797,0.08,63.6375,1.091,'00:01'),
 (4130,3,288,'A',1,1.091,1.379,0.428493570532444,0.571506429467556,0.244886830544801,0.764808878286905,0.06,67.2375,1.379,'00:01'),
 (4131,3,317,'A',1,1.379,1.532,0.461824441931238,0.538175558068762,0.248542626766139,0.714624649623679,0.05,69.15,1.532,'00:02'),
 (4132,3,232,'A',0,1.532,1.635,0.47427274102019,0.52572725897981,0.249338108145386,0.673056735562549,0.04,70.4375,1.635,'00:01'),
 (4133,3,210,'A',0,1.635,1.286,0.586375060536162,0.413624939463838,0.242539348917374,0.63887412645762,0.03,66.075,1.286,'00:03'),
 (4134,3,252,'A',0,1.286,0.994,0.572485695388809,0.427514304611191,0.244745823964001,0.609171517339499,0.03,62.425,0.994,'00:01'),
 (4135,3,389,'A',1,0.994,0.789,0.551071269307342,0.448928730692658,0.247391725451337,0.582998091708571,0.03,59.8625,0.789,'00:01'),
 (4136,3,198,'A',0,0.789,0.941,0.462072994025907,0.537927005974093,0.248561542217841,0.559829529757629,0.02,61.7625,0.941,'00:01'),
 (4137,3,301,'A',0,0.941,0.727,0.553296756888103,0.446703243111897,0.24715945570521,0.539330296229581,0.02,59.0875,0.727,'00:00'),
 (4138,3,220,'A',0,0.727,-0.174,0.711154959574184,0.288845040425816,0.205413583047225,0.52390564683514,0.02,47.825,-0.174,'00:02'),
 (4139,3,257,'A',0,-0.174,-0.668,0.621048276380829,0.378951723619171,0.23534731478523,0.50776220080861,0.02,41.65,-0.668,'00:02'),
 (4140,3,408,'A',1,-0.668,-1.091,0.604200900183119,0.395799099816881,0.239142172401028,0.492797406026426,0.01,36.3625,-1.091,'00:01'),
 (4141,3,443,'A',0,-2,-2.082,0.520488520885162,0.479511479114838,0.249580220511938,2.00168123549328,2,23.975,-2.082,'00:01'),
 (4142,3,136,'A',0,-2.082,-2.456,0.592425164699952,0.407574835300048,0.241457588930187,1.42706098571011,0.57,19.3,-2.456,'00:01'),
 (4143,3,138,'A',1,-2.456,-2.986,0.629483111967395,0.370516888032605,0.233234123715239,1.17503058778657,0.25,12.675,-2.986,'00:00'),
 (4144,3,164,'A',0,-2.986,-2.681,0.424335648957451,0.575664351042549,0.24427490598131,1.01610756780169,0.16,16.4875,-2.681,'00:01'),
 (4145,3,444,'A',0,-2.681,-3.187,0.623868313989579,0.376131686010421,0.234656640789379,0.911654878506168,0.1,10.1625,-3.187,'00:01'),
 (4148,117,355,'B',1,-3.107,-3.107,0.5,0.5,0.25,1.41522467604175,0.59,11.1625,-3.107,'01:32'),
 (4150,117,180,'C',1,-2.623,-2.623,0.5,0.5,0.25,1.00748418037756,0.16,17.2125,-2.623,'00:13'),
 (4152,117,33,'D',1,-2.474,-2.474,0.5,0.5,0.25,0.820937392671698,0.08,19.075,-2.474,'00:11'),
 (4153,117,375,'D',1,-2.474,-2.324,0.46257015465625,0.53742984534375,0.248599006677543,0.759755906507161,0.06,20.95,-2.324,'00:05'),
 (4154,117,221,'B',1,-2.324,-1.672,0.342538983530784,0.657461016469216,0.225206028292481,0.714719672228593,0.05,29.1,-1.672,'00:09'),
 (4155,117,173,'C',1,-1.672,-1.514,0.460581968546467,0.539418031453533,0.248446218796328,0.673272177652128,0.04,31.075,-1.514,'00:10'),
 (4156,117,190,'C',1,-1.514,-1.356,0.460581968546467,0.539418031453533,0.248446218796328,0.638288952467652,0.03,33.05,-1.356,'00:05'),
 (4157,117,348,'A',0,-1.356,-1.201,0.461327394793492,0.538672605206508,0.248504429606542,0.608240834493977,0.03,34.9875,-1.201,'00:02'),
 (4182,23,76,'A',0,-3.546,-3.546,0.5,0.5,0.25,1.16860722395179,0.27,5.67500000000001,-3.546,'03:00'),
 (4184,23,65,'C',1,-3.864,-3.864,0.5,0.5,0.25,0.90312438002217,0.11,1.7,-3.864,'00:09'),
 (4185,23,231,'B',1,2,1.955,0.511248101946855,0.488751898053145,0.249873480202593,2.00050627135778,2,74.4375,1.955,'00:05'),
 (4186,23,413,'C',1,1.955,2.091,0.466052308585504,0.533947691414496,0.248847554247626,1.41602577016844,0.58,76.1375,2.091,'00:03'),
 (4187,23,420,'A',1,2.091,2.911,0.305763659891969,0.69423634010803,0.212272244181438,1.18595238392987,0.23,86.3875,2.911,'00:02'),
 (4188,23,397,'A',0,2.911,3.091,0.45512110762642,0.54487889237358,0.247985885019321,1.02116380866336,0.16,88.6375,3.091,'00:01'),
 (4189,23,188,'A',0,3.091,2.819,0.567583836010037,0.432416163989963,0.245432425110168,0.911197537074817,0.11,85.2375,2.819,'00:01'),
 (4190,23,341,'A',0,2.819,2.435,0.594837490890115,0.405162509109885,0.241005850321667,0.831770196442535,0.08,80.4375,2.435,'00:01'),
 (4191,23,386,'A',1,2.435,1.943,0.620577467927091,0.379422532072909,0.235461074228291,0.771315106350243,0.06,74.2875,1.943,'00:01'),
 (4192,23,392,'A',0,1.943,2.081,0.46555464743179,0.53444535256821,0.248813517686452,0.719873187917699,0.05,76.0125,2.081,'00:01'),
 (4193,23,237,'A',0,2.081,1.796,0.570771611894492,0.429228388105508,0.244991378949855,0.678112858011205,0.04,72.45,1.796,'00:01'),
 (4194,23,376,'A',0,1.796,1.345,0.610876966586765,0.389123033413235,0.237706298280517,0.643837497241848,0.03,66.8125,1.345,'00:00'),
 (4195,23,351,'A',1,1.345,1.043,0.574931360490585,0.425068639509415,0.24438529121503,0.613511364779325,0.03,63.0375,1.043,'00:01'),
 (4196,23,357,'A',0,1.043,1.212,0.457850272143299,0.542149727856701,0.248223400441606,0.586714810434323,0.03,65.15,1.212,'00:01'),
 (4197,23,233,'A',1,1.212,0.942,0.567092904965454,0.432907095034546,0.245498542103297,0.563391731411752,0.02,61.775,0.942,'00:01'),
 (4198,23,412,'A',1,0.942,1.091,0.462818762947581,0.537181237052419,0.248617555611252,0.542396780565411,0.02,63.6375,1.091,'00:01'),
 (4199,23,288,'A',1,1.091,1.379,0.428493570532444,0.571506429467556,0.244886830544801,0.523854569693003,0.02,67.2375,1.379,'00:01'),
 (4200,23,317,'A',1,1.379,1.532,0.461824441931238,0.538175558068762,0.248542626766139,0.50685441910241,0.02,69.15,1.532,'00:01'),
 (4201,23,232,'A',0,1.532,1.635,0.47427274102019,0.52572725897981,0.249338108145386,0.491361512270981,0.02,70.4375,1.635,'00:01'),
 (4202,23,210,'A',0,1.635,1.286,0.586375060536162,0.413624939463838,0.242539348917374,0.477577496922655,0.01,66.075,1.286,'00:01'),
 (4203,23,501,'A',0,0,-0.003,0.5007499994375,0.499250000562499,0.249999437500844,2.00000225000042,2,49.9625,-0.00299999999999989,'00:01'),
 (4204,23,441,'A',1,-0.00299999999999989,-1.428,0.80612106217614,0.19387893782386,0.156289895292152,1.56885313540446,0.43,32.15,-1.428,'00:01'),
 (4205,23,464,'A',0,-1.428,-1.056,0.408057839600411,0.591942160399589,0.241546639141056,1.24241724382368,0.33,36.8,-1.056,'00:01'),
 (4206,23,428,'A',1,-1.056,-1.379,0.580055200643773,0.419944799356227,0.243591164849885,1.05914903445579,0.18,32.7625,-1.379,'00:01'),
 (4207,23,457,'A',0,-1.379,-0.451,0.283330647248504,0.716669352751496,0.203054391578248,0.955863287820955,0.1,44.3625,-0.451,'00:01'),
 (4208,23,151,'A',0,-0.451,-1.589,0.757312247380201,0.242687752619799,0.18379040734815,0.884480724831441,0.07,30.1375,-1.589,'00:01'),
 (4209,23,427,'A',0,-1.589,-1.903,0.57786131428072,0.42213868571928,0.243937615738479,0.810518213766865,0.07,26.2125,-1.903,'00:01'),
 (4210,23,480,'A',0,-1.903,-2.358,0.611827369001737,0.388172630998263,0.237494639542149,0.753841714439041,0.06,20.525,-2.358,'00:01'),
 (4211,23,164,'A',0,-2.358,-2.681,0.580055200643773,0.419944799356227,0.243591164849885,0.706524957965491,0.05,16.4875,-2.681,'00:01'),
 (4212,23,444,'A',0,-2.681,-3.187,0.623868313989579,0.376131686010421,0.234656640789379,0.668458756308902,0.04,10.1625,-3.187,'00:01'),
 (4214,12,76,'A',0,-3.546,-3.546,0.5,0.5,0.25,1.43999583185487,0.63,5.67500000000001,-3.546,'00:28'),
 (4216,12,74,'B',1,-2.389,-2.389,0.5,0.5,0.25,1.01376309703867,0.16,20.1375,-2.389,'00:07'),
 (4217,12,231,'A',0,2,1.955,0.511248101946855,0.488751898053145,0.249873480202593,2.00050627135778,2,74.4375,1.955,'00:01'),
 (4218,12,376,'A',0,1.955,1.345,0.64794080208065,0.35205919791935,0.228113519079734,1.44641180535028,0.55,66.8125,1.345,'00:01'),
 (4219,12,351,'A',1,1.345,1.043,0.574931360490585,0.425068639509415,0.24438529121503,1.17657457881998,0.27,63.0375,1.043,'00:01'),
 (4220,12,357,'A',0,1.043,1.212,0.457850272143299,0.542149727856701,0.248223400441606,1.01503453932139,0.16,65.15,1.212,'00:01'),
 (4221,12,233,'A',1,1.212,0.942,0.567092904965454,0.432907095034546,0.245498542103297,0.906810177018149,0.11,61.775,0.942,'00:01'),
 (4222,12,412,'A',1,0.942,1.091,0.462818762947581,0.537181237052419,0.248617555611252,0.826273665713797,0.08,63.6375,1.091,'00:01'),
 (4223,12,288,'A',1,1.091,1.379,0.428493570532444,0.571506429467556,0.244886830544801,0.764808878286905,0.06,67.2375,1.379,'00:01'),
 (4224,12,317,'A',1,1.379,1.532,0.461824441931238,0.538175558068762,0.248542626766139,0.714624649623679,0.05,69.15,1.532,'00:01'),
 (4225,12,232,'A',0,1.532,1.635,0.47427274102019,0.52572725897981,0.249338108145386,0.673056735562549,0.04,70.4375,1.635,'00:01'),
 (4226,12,210,'A',0,1.635,1.286,0.586375060536162,0.413624939463838,0.242539348917374,0.63887412645762,0.03,66.075,1.286,'00:01'),
 (4227,12,252,'A',0,1.286,0.994,0.572485695388809,0.427514304611191,0.244745823964001,0.609171517339499,0.03,62.425,0.994,'00:01'),
 (4228,12,389,'A',1,0.994,0.789,0.551071269307342,0.448928730692658,0.247391725451337,0.582998091708571,0.03,59.8625,0.789,'00:01'),
 (4229,12,198,'A',0,0.789,0.941,0.462072994025907,0.537927005974093,0.248561542217841,0.559829529757629,0.02,61.7625,0.941,'00:01'),
 (4230,12,301,'A',0,0.941,0.727,0.553296756888103,0.446703243111897,0.24715945570521,0.539330296229581,0.02,59.0875,0.727,'00:01'),
 (4231,12,253,'A',0,0.727,0.476,0.562422619645222,0.437577380354778,0.246103416556628,0.521004325341148,0.02,55.95,0.476,'00:01'),
 (4232,12,206,'A',0,0.476,0.266,0.552307909574325,0.447692090425675,0.247263882595964,0.504353419491225,0.02,53.325,0.266,'00:01'),
 (4233,12,505,'A',0,0.266,0.051,0.553543903151118,0.446456096848882,0.247133050435344,0.489210936953236,0.02,50.6375,0.0509999999999999,'00:01'),
 (4234,12,215,'A',0,0.0509999999999999,-0.259,0.576885261132046,0.423114738867954,0.244088656620657,0.475518848459944,0.01,46.7625,-0.259,'00:01'),
 (4235,12,429,'A',0,-3,-3.018,0.504499878503936,0.495500121496064,0.24997975109345,2.00008100054675,2,12.275,-3.018,'00:01'),
 (4237,12,458,'B',1,-3.671,-3.671,0.5,0.5,0.25,1.1743474526026,0.28,4.1125,-3.671,'00:06'),
 (4238,12,467,'D',1,-3.671,-3.256,0.397713823111369,0.602286176888631,0.239537538017508,1.0181566107955,0.16,9.3,-3.256,'00:05'),
 (4239,12,138,'A',1,-3.256,-2.986,0.432907095034546,0.567092904965454,0.245498542103297,0.909034228578467,0.11,12.675,-2.986,'00:01'),
 (4240,12,164,'B',1,-2.986,-2.681,0.424335648957451,0.575664351042549,0.24427490598131,0.829190302892729,0.08,16.4875,-2.681,'00:03'),
 (4241,12,443,'A',0,-2.681,-2.082,0.354572511324312,0.645427488675688,0.228850845537483,0.770765470706605,0.06,23.975,-2.082,'00:01'),
 (4242,12,136,'A',0,-2.082,-2.456,0.592425164699952,0.407574835300048,0.241457588930187,0.720799728007852,0.05,19.3,-2.456,'00:01'),
 (4244,24,74,'B',1,-2.389,-2.389,0.5,0.5,0.25,1.42744165574082,0.61,20.1375,-2.389,'00:09'),
 (4245,24,231,'A',0,2,1.955,0.511248101946855,0.488751898053145,0.249873480202593,2.00050627135778,2,74.4375,1.955,'00:02'),
 (4246,24,376,'A',0,1.955,1.345,0.64794080208065,0.35205919791935,0.228113519079734,1.44641180535028,0.55,66.8125,1.345,'00:02'),
 (4247,24,351,'A',1,1.345,1.043,0.574931360490585,0.425068639509415,0.24438529121503,1.17657457881998,0.27,63.0375,1.043,'00:24'),
 (4248,24,357,'A',0,1.043,1.212,0.457850272143299,0.542149727856701,0.248223400441606,1.01503453932139,0.16,65.15,1.212,'00:01'),
 (4249,24,233,'A',1,1.212,0.942,0.567092904965454,0.432907095034546,0.245498542103297,0.906810177018149,0.11,61.775,0.942,'00:02'),
 (4250,24,412,'A',1,0.942,1.091,0.462818762947581,0.537181237052419,0.248617555611252,0.826273665713797,0.08,63.6375,1.091,'00:01'),
 (4251,24,288,'A',1,1.091,1.379,0.428493570532444,0.571506429467556,0.244886830544801,0.764808878286905,0.06,67.2375,1.379,'00:01'),
 (4252,24,317,'A',1,1.379,1.532,0.461824441931238,0.538175558068762,0.248542626766139,0.714624649623679,0.05,69.15,1.532,'00:01'),
 (4253,24,232,'A',0,1.532,1.635,0.47427274102019,0.52572725897981,0.249338108145386,0.673056735562549,0.04,70.4375,1.635,'00:01'),
 (4254,24,210,'A',0,1.635,1.286,0.586375060536162,0.413624939463838,0.242539348917374,0.63887412645762,0.03,66.075,1.286,'00:02'),
 (4255,24,252,'A',0,1.286,0.994,0.572485695388809,0.427514304611191,0.244745823964001,0.609171517339499,0.03,62.425,0.994,'00:01'),
 (4256,24,389,'A',1,0.994,0.789,0.551071269307342,0.448928730692658,0.247391725451337,0.582998091708571,0.03,59.8625,0.789,'00:02'),
 (4257,24,198,'A',0,0.789,0.941,0.462072994025907,0.537927005974093,0.248561542217841,0.559829529757629,0.02,61.7625,0.941,'00:01'),
 (4258,24,301,'D',1,0.941,0.727,0.553296756888103,0.446703243111897,0.24715945570521,0.539330296229581,0.02,59.0875,0.727,'00:04'),
 (4259,24,386,'A',1,0.727,1.943,0.228641142217561,0.771358857782439,0.17636437030301,0.526006860583872,0.01,74.2875,1.943,'00:01'),
 (4260,24,501,'B',1,0,-0.003,0.5007499994375,0.499250000562499,0.249999437500844,2.00000225000042,2,49.9625,-0.00299999999999989,'00:32'),
 (4261,24,147,'A',0,-0.00299999999999989,0.209,0.447197614555306,0.552802385444694,0.24721190809135,1.41817388895165,0.58,52.6125,0.209,'00:02'),
 (4262,24,468,'A',1,0.209,-0.482,0.66618934479847,0.33381065520153,0.222381101675455,1.1788449891328,0.24,43.975,-0.482,'00:01'),
 (4263,24,144,'A',1,-0.482,0.024,0.376131686010421,0.623868313989579,0.234656640789379,1.02369156123278,0.16,50.3,0.024,'00:01'),
 (4264,24,500,'A',0,0.024,0.194,0.457602059225649,0.542397940774351,0.248202414618095,0.911939894818049,0.11,52.425,0.194,'00:01'),
 (4265,24,441,'A',1,0.194,-1.428,0.835070769593902,0.164929230406098,0.13772757936375,0.863810706247629,0.05,32.15,-1.428,'00:01'),
 (4266,24,464,'A',0,-1.428,-1.056,0.408057839600411,0.591942160399589,0.241546639141056,0.795123174546268,0.07,36.8,-1.056,'00:01'),
 (4267,24,428,'A',1,-1.056,-1.379,0.580055200643773,0.419944799356227,0.243591164849885,0.740168952931793,0.05,32.7625,-1.379,'00:01'),
 (4268,24,457,'A',0,-1.379,-0.451,0.283330647248504,0.716669352751496,0.203054391578248,0.702144137219308,0.04,44.3625,-0.451,'00:01'),
 (4269,24,151,'A',0,-0.451,-1.589,0.757312247380201,0.242687752619799,0.18379040734815,0.672344051736068,0.03,30.1375,-1.589,'00:01'),
 (4270,24,427,'A',0,-1.589,-1.903,0.57786131428072,0.42213868571928,0.243937615738479,0.63808280179978,0.03,26.2125,-1.903,'00:01'),
 (4271,24,480,'A',0,-1.903,-2.358,0.611827369001737,0.388172630998263,0.237494639542149,0.609303870371957,0.03,20.525,-2.358,'00:00'),
 (4272,24,164,'A',0,-2.358,-2.681,0.580055200643773,0.419944799356227,0.243591164849885,0.58349124145511,0.03,16.4875,-2.681,'00:01'),
 (4273,24,444,'A',0,-2.681,-3.187,0.623868313989579,0.376131686010421,0.234656640789379,0.561492868444706,0.02,10.1625,-3.187,'00:01'),
 (4276,7,69,'B',0,-1.009,-1.009,0.5,0.5,0.25,1.49772981782816,0.76,37.3875,-1.009,'00:10'),
 (4278,7,355,'B',1,-3.107,-3.107,0.5,0.5,0.25,1.41522467604175,0.59,11.1625,-3.107,'00:05'),
 (4279,7,180,'C',1,-3.107,-2.623,0.381308029398707,0.618691970601293,0.235912216114782,1.16626659530803,0.25,17.2125,-2.623,'00:04'),
 (4280,7,221,'B',1,-2.623,-1.672,0.278683758374059,0.721316241625941,0.201019121192568,1.03350291658126,0.13,29.1,-1.672,'00:05'),
 (4281,7,173,'A',0,-1.672,-1.514,0.460581968546467,0.539418031453533,0.248446218796328,0.918760937677266,0.11,31.075,-1.514,'00:02'),
 (4282,7,236,'A',1,-1.514,-1.817,0.575175727450687,0.424824272549313,0.24434861000226,0.836531053106426,0.08,27.2875,-1.817,'00:01'),
 (4284,7,302,'C',1,-1.351,-1.351,0.5,0.5,0.25,0.7224565634784,0.05,33.1125,-1.351,'00:06'),
 (4285,7,307,'C',1,-1.351,-1.205,0.463564698259356,0.536435301740644,0.248672468787068,0.679692231054024,0.04,34.9375,-1.205,'00:02'),
 (4286,7,202,'A',0,-1.205,-1.095,0.472527695655406,0.527472304344594,0.249245272493998,0.643644854633367,0.04,36.3125,-1.095,'00:01'),
 (4287,7,337,'D',1,-1.095,-1.324,0.557001117810821,0.442998882189179,0.246750872568317,0.613071945475763,0.03,33.45,-1.324,'00:03'),
 (4288,7,354,'B',1,-1.324,-1.054,0.432907095034546,0.567092904965454,0.245498542103297,0.586605274501582,0.03,36.825,-1.054,'00:03'),
 (4289,7,260,'B',1,-1.054,-0.94,0.471530825439878,0.528469174560122,0.249189506099865,0.562965182908261,0.02,38.25,-0.94,'00:03'),
 (4290,7,313,'A',1,-0.94,-0.724,0.446208977050798,0.553791022949202,0.247106525850078,0.542136475784124,0.02,40.95,-0.724,'00:01'),
 (4291,7,218,'A',0,-0.724,-0.574,0.46257015465625,0.53742984534375,0.248599006677543,0.523353781259345,0.02,42.825,-0.574,'00:01'),
 (4292,7,350,'A',1,-0.574,-1.032,0.612539613440915,0.387460386559085,0.237334835406569,0.507130086158441,0.02,37.1,-1.032,'00:01'),
 (4293,7,312,'A',0,-1.032,-0.865,0.458346760632396,0.541653239367604,0.248265007650185,0.491676415356634,0.02,39.1875,-0.865,'00:01'),
 (4294,7,408,'A',1,-0.865,-1.091,0.556260739141165,0.443739260858835,0.24683472923129,0.477632427313355,0.01,36.3625,-1.091,'00:01'),
 (4295,7,443,'B',1,-2,-2.082,0.520488520885162,0.479511479114838,0.249580220511938,2.00168123549328,2,23.975,-2.082,'00:04'),
 (4296,7,427,'A',0,-2.082,-1.903,0.455369104620603,0.544630895379397,0.248008083177633,1.4176366039983,0.58,26.2125,-1.903,'00:01'),
 (4297,7,480,'A',0,-1.903,-2.358,0.611827369001737,0.388172630998263,0.237494639542149,1.16635787835753,0.25,20.525,-2.358,'00:01'),
 (4298,7,164,'A',0,-2.358,-2.681,0.580055200643773,0.419944799356227,0.243591164849885,1.0108365821484,0.16,16.4875,-2.681,'00:02'),
 (4299,7,444,'A',0,-2.681,-3.187,0.623868313989579,0.376131686010421,0.234656640789379,0.907842265879057,0.1,10.1625,-3.187,'00:01'),
 (4333,8,69,'B',0,-1.009,-1.009,0.5,0.5,0.25,1.49772981782816,0.76,37.3875,-1.009,'00:11'),
 (4334,8,203,'B',1,0,-0.008,0.501999989333402,0.498000010666598,0.249996000042666,2.00001600002133,2,49.9,-0.00800000000000001,'00:02'),
 (4335,8,278,'A',1,-0.00800000000000001,0.216,0.444232985707372,0.555767014292628,0.246890040116886,1.41863804385793,0.58,52.7,0.216,'00:01'),
 (4336,8,253,'C',1,0.216,0.476,0.435363708196971,0.564636291803029,0.245822149781954,1.16035504151151,0.26,55.95,0.476,'00:01'),
 (4337,8,311,'B',1,0.476,0.747,0.432661612983003,0.567338387016997,0.245465541633949,1.00596610423701,0.15,59.3375,0.747,'00:01'),
 (4338,8,198,'C',1,0.747,0.941,0.451651541849306,0.548348458150694,0.247662426594451,0.899538076213231,0.11,61.7625,0.941,'00:02'),
 (4339,8,412,'A',1,0.941,1.091,0.46257015465625,0.53742984534375,0.248599006677543,0.820766048147717,0.08,63.6375,1.091,'00:01'),
 (4340,8,288,'A',1,1.091,1.379,0.428493570532444,0.571506429467556,0.244886830544801,0.760434946969979,0.06,67.2375,1.379,'00:02'),
 (4341,8,317,'A',1,1.379,1.532,0.461824441931238,0.538175558068762,0.248542626766139,0.711052583693387,0.05,69.15,1.532,'00:01'),
 (4342,8,232,'C',1,1.532,1.635,0.47427274102019,0.52572725897981,0.249338108145386,0.670069923557503,0.04,70.4375,1.635,'00:03'),
 (4343,8,250,'D',1,1.635,1.772,0.465803469499505,0.534196530500495,0.248830597301729,0.635509075549043,0.03,72.15,1.772,'00:04'),
 (4344,8,386,'A',1,1.772,1.943,0.457353867354538,0.542646132645462,0.248181307370386,0.605869847178031,0.03,74.2875,1.943,'00:02'),
 (4345,8,392,'A',0,1.943,2.081,0.46555464743179,0.53444535256821,0.248813517686452,0.579963269028385,0.03,76.0125,2.081,'00:00'),
 (4346,8,237,'A',0,2.081,1.796,0.570771611894492,0.429228388105508,0.244991378949855,0.557449669292161,0.02,72.45,1.796,'00:01'),
 (4347,8,376,'A',0,1.796,1.345,0.610876966586765,0.389123033413235,0.237706298280517,0.537935691720287,0.02,66.8125,1.345,'00:01'),
 (4348,8,351,'A',1,1.345,1.043,0.574931360490585,0.425068639509415,0.24438529121503,0.519867438448967,0.02,63.0375,1.043,'00:01'),
 (4349,8,357,'A',0,1.043,1.212,0.457850272143299,0.542149727856701,0.248223400441606,0.503260714065169,0.02,65.15,1.212,'00:01'),
 (4350,8,233,'A',1,1.212,0.942,0.567092904965454,0.432907095034546,0.245498542103297,0.488308664411807,0.01,61.775,0.942,'00:01'),
 (4351,8,478,'A',1,2,1.975,0.50624967449951,0.49375032550049,0.24996094156865,2.00015625203452,2,74.6875,1.975,'00:02'),
 (4352,8,141,'B',1,1.975,2.087,0.472029232664427,0.527970767335573,0.249217636174659,1.41537666215938,0.58,76.0875,2.087,'00:02'),
 (4353,8,435,'D',1,2.087,3.714,0.16424174572165,0.83575825427835,0.137266394683955,1.25348623718697,0.16,96.425,3.714,'00:03'),
 (4354,8,448,'A',1,3.714,3.871,0.460830424538205,0.539169575461795,0.248465744358143,1.06304163072917,0.19,98.3875,3.871,'00:00'),
 (4355,11,74,'D',0,-2,-2.389,0.596041946494705,0.403958053505295,0.240775944513508,2.03794966114157,2.04,20.1375,-2.389,'00:05'),
 (4356,11,407,'A',0,-2,-2.091,0.522734313593952,0.477265686406048,0.249483150985412,2.0020706071859,2,23.8625,-2.091,'00:01'),
 (4358,11,375,'B',0,-2.324,-2.324,0.5,0.5,0.25,1.15769857225162,0.26,20.95,-2.324,'00:06'),
 (4359,11,359,'C',0,-2.324,-2.567,0.560452819137498,0.439547180862502,0.246345456658329,1.00378841405207,0.15,17.9125,-2.567,'00:03'),
 (4360,11,443,'B',1,-2,-2.082,0.520488520885162,0.479511479114838,0.249580220511938,2.00168123549328,2,23.975,-2.082,'00:02'),
 (4361,11,427,'B',1,-2.082,-1.903,0.455369104620603,0.544630895379397,0.248008083177633,1.4176366039983,0.58,26.2125,-1.903,'00:03'),
 (4362,11,139,'B',1,-1.903,-1.543,0.410959565941335,0.589040434058665,0.242071801102645,1.16274345251906,0.25,30.7125,-1.543,'00:03'),
 (4363,11,457,'C',1,-1.543,-0.451,0.251241852472305,0.748758147527695,0.188119384038589,1.03819185296739,0.12,44.3625,-0.451,'00:02'),
 (4364,11,147,'C',1,-0.451,0.209,0.340739611548615,0.659260388451385,0.224636128670314,0.931526968056649,0.11,52.6125,0.209,'00:04'),
 (4365,11,469,'B',1,0.209,0.978,0.316695466033755,0.683304533966245,0.216399447827418,0.854727371288837,0.08,62.225,0.978,'00:03'),
 (4366,11,481,'A',0,0.978,1.087,0.472776947754659,0.527223052245341,0.249258905426447,0.78614166494357,0.07,63.5875,1.087,'00:01'),
 (4367,11,490,'A',1,1.087,0.689,0.598207043919399,0.401792956080601,0.240355376524613,0.733545356919021,0.05,58.6125,0.689,'00:01'),
 (4368,11,482,'A',0,0.689,0.915,0.443739260858835,0.556260739141165,0.24683472923129,0.689202287240344,0.04,61.4375,0.915,'00:01'),
 (4369,11,430,'A',1,0.915,0.091,0.695084768770805,0.304915231229195,0.211941932993641,0.656927854627509,0.03,51.1375,0.091,'00:01'),
 (4370,11,425,'B',1,0.091,0.397,0.424091392553326,0.575908607446674,0.244237883315507,0.62482381807642,0.03,54.9625,0.397,'00:04'),
 (4371,11,483,'A',0,0.397,0.578,0.454873132890897,0.545126867109103,0.247963565864917,0.596612893109383,0.03,57.225,0.578,'00:01');
INSERT INTO `peserta_test_jawaban_dengan_model` (`idpeserta_test_jawaban_dengan_model`,`idpeserta_test`,`idsoal`,`jawaban`,`nilai`,`thetaAwal`,`b`,`P`,`Q`,`PQ`,`SE`,`selisihSE`,`skor`,`thetaAkhir`,`waktu`) VALUES 
 (4372,11,439,'A',0,0.578,0.317,0.564882098044323,0.435117901955677,0.245790313353367,0.572111049566685,0.02,53.9625,0.317,'00:01'),
 (4373,11,468,'A',1,0.317,-0.482,0.68976053080382,0.31023946919618,0.213990940949053,0.553069876184499,0.02,43.975,-0.482,'00:01'),
 (4374,11,144,'A',1,-0.482,0.024,0.376131686010421,0.623868313989579,0.234656640789379,0.534229092979221,0.02,50.3,0.024,'00:01'),
 (4375,11,500,'A',0,0.024,0.194,0.457602059225649,0.542397940774351,0.248202414618095,0.516256842139506,0.02,52.425,0.194,'00:01'),
 (4376,11,441,'A',1,0.194,-1.428,0.835070769593902,0.164929230406098,0.13772757936375,0.507034767712705,0.01,32.15,-1.428,'00:01'),
 (4421,10,76,'A',0,-3,-3.546,0.633207063481585,0.366792936518415,0.232255878238613,2.07499303245367,2.07,5.67500000000001,-3.546,'00:01'),
 (4422,10,50,'A',1,-3.546,-3.987,0.608497284915756,0.391502715084244,0.238228339165909,1.45789910817878,0.62,0.162500000000001,-3.987,'00:01'),
 (4424,10,65,'C',1,-3.864,-3.864,0.5,0.5,0.25,1.01558646140439,0.16,1.7,-3.864,'00:08'),
 (4425,10,74,'B',1,-3.864,-2.389,0.186183827901509,0.813816172098491,0.15151941012945,0.9444641670953,0.07,20.1375,-2.389,'00:02'),
 (4427,10,63,'D',1,-1.907,-1.907,0.5,0.5,0.25,0.788824967368728,0.07,26.1625,-1.907,'00:10'),
 (4428,10,51,'D',1,-1.907,-1.098,0.308103630564041,0.691896369435959,0.213175783397298,0.741196324839002,0.05,36.275,-1.098,'00:03'),
 (4429,10,84,'A',1,-1.098,0.087,0.234154374180203,0.765845625819797,0.17932610323248,0.70717991545266,0.03,51.0875,0.087,'00:01'),
 (4430,10,85,'A',0,0.087,0.764,0.336931200074563,0.663068799925437,0.223408566490878,0.670703796716717,0.04,59.55,0.764,'00:01'),
 (4431,10,67,'A',0,0.764,0.198,0.637839684669387,0.362160315330613,0.231000221330244,0.63835630269187,0.03,52.475,0.198,'00:01'),
 (4432,10,62,'A',0,0.198,-1.065,0.779542108753114,0.220457891246886,0.171856209433862,0.617113335505426,0.02,36.6875,-1.065,'00:01'),
 (4433,10,83,'A',1,-1.065,-1.269,0.550823864967254,0.449176135032746,0.24741693474979,0.589945523860276,0.03,34.1375,-1.269,'00:01'),
 (4434,10,52,'A',0,-1.269,0.001,0.219257252087872,0.780742747912128,0.171183509494747,0.573119847976821,0.02,50.0125,0.00099999999999989,'00:01'),
 (4435,10,69,'A',1,0.00099999999999989,-1.009,0.733020149238858,0.266979850761143,0.195701610048701,0.555542403944491,0.02,37.3875,-1.009,'00:01'),
 (4436,10,61,'A',0,-1.009,0.009,0.265417159323834,0.734582840676166,0.1949708908603,0.539546366134569,0.02,50.1125,0.0089999999999999,'00:01'),
 (4437,10,231,'A',0,2,1.955,0.511248101946855,0.488751898053145,0.249873480202593,2.00050627135778,2,74.4375,1.955,'00:01'),
 (4438,10,376,'A',0,1.955,1.345,0.64794080208065,0.35205919791935,0.228113519079734,1.44641180535028,0.55,66.8125,1.345,'00:00'),
 (4439,10,351,'A',1,1.345,1.043,0.574931360490585,0.425068639509415,0.24438529121503,1.17657457881998,0.27,63.0375,1.043,'00:01'),
 (4440,10,357,'A',0,1.043,1.212,0.457850272143299,0.542149727856701,0.248223400441606,1.01503453932139,0.16,65.15,1.212,'00:01'),
 (4441,10,233,'A',1,1.212,0.942,0.567092904965454,0.432907095034546,0.245498542103297,0.906810177018149,0.11,61.775,0.942,'00:01'),
 (4442,10,412,'A',1,0.942,1.091,0.462818762947581,0.537181237052419,0.248617555611252,0.826273665713797,0.08,63.6375,1.091,'00:01'),
 (4443,10,288,'A',1,1.091,1.379,0.428493570532444,0.571506429467556,0.244886830544801,0.764808878286905,0.06,67.2375,1.379,'00:01'),
 (4444,10,317,'A',1,1.379,1.532,0.461824441931238,0.538175558068762,0.248542626766139,0.714624649623679,0.05,69.15,1.532,'00:01'),
 (4445,10,232,'A',0,1.532,1.635,0.47427274102019,0.52572725897981,0.249338108145386,0.673056735562549,0.04,70.4375,1.635,'00:00'),
 (4446,10,210,'A',0,1.635,1.286,0.586375060536162,0.413624939463838,0.242539348917374,0.63887412645762,0.03,66.075,1.286,'00:01'),
 (4447,10,252,'A',0,1.286,0.994,0.572485695388809,0.427514304611191,0.244745823964001,0.609171517339499,0.03,62.425,0.994,'00:01'),
 (4448,10,389,'A',1,0.994,0.789,0.551071269307342,0.448928730692658,0.247391725451337,0.582998091708571,0.03,59.8625,0.789,'00:01'),
 (4449,10,198,'A',0,0.789,0.941,0.462072994025907,0.537927005974093,0.248561542217841,0.559829529757629,0.02,61.7625,0.941,'00:01'),
 (4450,10,301,'A',0,0.941,0.727,0.553296756888103,0.446703243111897,0.24715945570521,0.539330296229581,0.02,59.0875,0.727,'00:01'),
 (4451,10,253,'A',0,0.727,0.476,0.562422619645222,0.437577380354778,0.246103416556628,0.521004325341148,0.02,55.95,0.476,'00:01'),
 (4452,10,206,'A',0,0.476,0.266,0.552307909574325,0.447692090425675,0.247263882595964,0.504353419491225,0.02,53.325,0.266,'00:01'),
 (4453,10,505,'A',0,0.266,0.051,0.553543903151118,0.446456096848882,0.247133050435344,0.489210936953236,0.02,50.6375,0.0509999999999999,'00:01'),
 (4454,10,215,'A',0,0.0509999999999999,-0.259,0.576885261132046,0.423114738867954,0.244088656620657,0.475518848459944,0.01,46.7625,-0.259,'00:01'),
 (4455,10,443,'B',1,-2,-2.082,0.520488520885162,0.479511479114838,0.249580220511938,2.00168123549328,2,23.975,-2.082,'00:04'),
 (4456,10,427,'B',1,-2.082,-1.903,0.455369104620603,0.544630895379397,0.248008083177633,1.4176366039983,0.58,26.2125,-1.903,'00:03'),
 (4457,10,139,'A',0,-1.903,-1.543,0.410959565941335,0.589040434058665,0.242071801102645,1.16274345251906,0.25,30.7125,-1.543,'00:01'),
 (4458,10,486,'A',0,-1.543,-1.843,0.574442516811659,0.425557483188341,0.244458311690746,1.00803664545668,0.15,26.9625,-1.843,'00:01'),
 (4459,10,444,'C',1,-1.843,-3.187,0.793146970403499,0.206853029596501,0.16406485374325,0.933242251334373,0.07,10.1625,-3.187,'00:02'),
 (4460,10,136,'B',1,-3.187,-2.456,0.324975322672399,0.675024677327601,0.219366362326369,0.855122731687916,0.08,19.3,-2.456,'00:02'),
 (4461,10,163,'A',1,-2.456,-1.935,0.372618429988385,0.627381570011615,0.233773935621376,0.79024262636362,0.06,25.8125,-1.935,'00:01'),
 (4462,10,494,'A',0,-1.935,-1.572,0.410233545018197,0.589766454981803,0.24194198356,0.736556466371552,0.05,30.35,-1.572,'00:01'),
 (4463,17,231,'A',0,2,1.955,0.511248101946855,0.488751898053145,0.249873480202593,2.00050627135778,2,74.4375,1.955,'01:15'),
 (4464,17,376,'D',1,1.955,1.345,0.64794080208065,0.35205919791935,0.228113519079734,1.44641180535028,0.55,66.8125,1.345,'00:13'),
 (4465,17,386,'A',1,1.345,1.943,0.354801395436818,0.645198604563182,0.228917365232905,1.18937736300834,0.26,74.2875,1.943,'01:59'),
 (4466,17,392,'C',1,1.943,2.081,0.46555464743179,0.53444535256821,0.248813517686452,1.02290462905228,0.17,76.0125,2.081,'00:31'),
 (4467,17,333,'B',1,2.081,2.321,0.440286350732807,0.559713649267193,0.246434280091195,0.91205342597246,0.11,79.0125,2.321,'02:07'),
 (4468,17,341,'D',1,2.321,2.435,0.471530825439878,0.528469174560122,0.249189506099865,0.830070859800624,0.08,80.4375,2.435,'01:13'),
 (4469,17,420,'A',1,2.435,2.911,0.383197110802891,0.616802889197109,0.236357085075208,0.769755029444831,0.06,86.3875,2.911,'01:34'),
 (4470,17,397,'A',0,2.911,3.091,0.45512110762642,0.54487889237358,0.247985885019321,0.718758011051983,0.05,88.6375,3.091,'00:40'),
 (4471,17,188,'B',1,3.091,2.819,0.567583836010037,0.432416163989963,0.245432425110168,0.677112002694248,0.04,85.2375,2.819,'00:41'),
 (4472,17,382,'B',1,2.819,3.091,0.432416163989963,0.567583836010037,0.245432425110168,0.641956238223081,0.04,88.6375,3.091,'00:34'),
 (4473,17,387,'B',0,3.091,3.491,0.401312339887548,0.598687660112452,0.240260745741529,0.61235595193276,0.03,93.6375,3.491,'01:15'),
 (4474,17,319,'A',0,3.491,3.231,0.564636291803029,0.435363708196971,0.245822149781954,0.585945418733549,0.03,90.3875,3.231,'01:46'),
 (4475,17,330,'B',0,3.231,3.012,0.554532222361229,0.445467777638771,0.247026236724346,0.562574339114523,0.02,87.65,3.012,'00:20'),
 (4476,17,346,'C',1,3.012,2.721,0.572240931843387,0.427759068156613,0.244781247766399,0.541972394364896,0.02,84.0125,2.721,'02:10'),
 (4477,17,423,'B',0,2.721,3.091,0.40854102156722,0.59145897843278,0.241635255264032,0.523705570850407,0.02,88.6375,3.091,'00:31'),
 (4478,17,402,'A',0,3.091,2.61,0.617983982386391,0.382016017613609,0.236079779900248,0.507532163595248,0.02,82.625,2.61,'01:16'),
 (4479,17,264,'B',1,2.61,2.141,0.61514704250921,0.38485295749079,0.236741158601382,0.492730656108435,0.01,76.7625,2.141,'01:04');
/*!40000 ALTER TABLE `peserta_test_jawaban_dengan_model` ENABLE KEYS */;


--
-- Definition of table `peserta_test_kriteria_kelulusan`
--

DROP TABLE IF EXISTS `peserta_test_kriteria_kelulusan`;
CREATE TABLE `peserta_test_kriteria_kelulusan` (
  `idpeserta_test_kriteria_kelulusan` int(10) unsigned NOT NULL AUTO_INCREMENT,
  `idpeserta_test` int(10) unsigned NOT NULL,
  `idkriteria_kelulusan` int(10) unsigned NOT NULL,
  `nilai` double NOT NULL,
  PRIMARY KEY (`idpeserta_test_kriteria_kelulusan`),
  KEY `FK_peserta_test_kriteria_kelulusan_1` (`idpeserta_test`),
  KEY `FK_peserta_test_kriteria_kelulusan_2` (`idkriteria_kelulusan`),
  CONSTRAINT `FK_peserta_test_kriteria_kelulusan_1` FOREIGN KEY (`idpeserta_test`) REFERENCES `peserta_test` (`id`) ON DELETE CASCADE ON UPDATE CASCADE,
  CONSTRAINT `FK_peserta_test_kriteria_kelulusan_2` FOREIGN KEY (`idkriteria_kelulusan`) REFERENCES `kriteria_kelulusan` (`idkriteria_kelulusan`) ON DELETE CASCADE ON UPDATE CASCADE
) ENGINE=InnoDB AUTO_INCREMENT=18 DEFAULT CHARSET=latin1;

--
-- Dumping data for table `peserta_test_kriteria_kelulusan`
--

/*!40000 ALTER TABLE `peserta_test_kriteria_kelulusan` DISABLE KEYS */;
INSERT INTO `peserta_test_kriteria_kelulusan` (`idpeserta_test_kriteria_kelulusan`,`idpeserta_test`,`idkriteria_kelulusan`,`nilai`) VALUES 
 (6,3,2,90),
 (7,3,3,89),
 (8,3,4,70),
 (9,3,5,92),
 (10,15,2,90),
 (11,15,3,76),
 (12,15,4,55),
 (13,15,5,32),
 (14,18,2,87),
 (15,18,3,65),
 (16,18,4,33),
 (17,18,5,20);
/*!40000 ALTER TABLE `peserta_test_kriteria_kelulusan` ENABLE KEYS */;


--
-- Definition of table `pimpinan`
--

DROP TABLE IF EXISTS `pimpinan`;
CREATE TABLE `pimpinan` (
  `id` int(10) unsigned NOT NULL AUTO_INCREMENT,
  `username` varchar(45) NOT NULL,
  `password` varchar(45) NOT NULL,
  `peran` enum('Kepala Sekolah') NOT NULL DEFAULT 'Kepala Sekolah',
  PRIMARY KEY (`id`)
) ENGINE=InnoDB AUTO_INCREMENT=5 DEFAULT CHARSET=latin1;

--
-- Dumping data for table `pimpinan`
--

/*!40000 ALTER TABLE `pimpinan` DISABLE KEYS */;
INSERT INTO `pimpinan` (`id`,`username`,`password`,`peran`) VALUES 
 (1,'pimpinan','pimpinan','Kepala Sekolah'),
 (3,'Dalle, S.Pd., M.Si','dalle','Kepala Sekolah'),
 (4,'Irwan, S.Pd','irwan','Kepala Sekolah');
/*!40000 ALTER TABLE `pimpinan` ENABLE KEYS */;


--
-- Definition of table `skl`
--

DROP TABLE IF EXISTS `skl`;
CREATE TABLE `skl` (
  `idskl` int(10) unsigned NOT NULL AUTO_INCREMENT,
  `nama_skl` varchar(45) NOT NULL,
  `iddomain` int(10) unsigned DEFAULT NULL,
  `prioritas` int(10) unsigned DEFAULT NULL,
  PRIMARY KEY (`idskl`),
  KEY `FK_skl_1` (`iddomain`),
  CONSTRAINT `FK_skl_1` FOREIGN KEY (`iddomain`) REFERENCES `domain` (`iddomain`) ON DELETE CASCADE ON UPDATE CASCADE
) ENGINE=InnoDB AUTO_INCREMENT=17 DEFAULT CHARSET=latin1;

--
-- Dumping data for table `skl`
--

/*!40000 ALTER TABLE `skl` DISABLE KEYS */;
INSERT INTO `skl` (`idskl`,`nama_skl`,`iddomain`,`prioritas`) VALUES 
 (1,'Menulis',1,2),
 (5,'Hewan',11,3),
 (6,'Tumbuhan',11,4),
 (7,'Bilangan',10,1),
 (8,'Bangun',10,3),
 (9,'Ukuran',10,2),
 (11,'Data',10,4),
 (12,'Membaca',1,1),
 (15,'Manusia',11,2),
 (16,'Benda',11,1);
/*!40000 ALTER TABLE `skl` ENABLE KEYS */;


--
-- Definition of table `soal`
--

DROP TABLE IF EXISTS `soal`;
CREATE TABLE `soal` (
  `idsoal` int(10) unsigned NOT NULL AUTO_INCREMENT,
  `iddomain` int(10) unsigned NOT NULL,
  `soal` text COLLATE latin1_general_ci NOT NULL,
  `gambar` text COLLATE latin1_general_ci,
  `jawaban` enum('A','B','C','D','E') CHARACTER SET latin1 NOT NULL,
  `lg1_b` double NOT NULL,
  `lg2_a` double NOT NULL,
  `lg2_b` double NOT NULL,
  `lg3_a` double NOT NULL,
  `lg3_b` double NOT NULL,
  `lg3_c` double NOT NULL,
  `rasch_b` double NOT NULL,
  `idskl` int(10) unsigned DEFAULT NULL,
  PRIMARY KEY (`idsoal`),
  KEY `FK_soal_1` (`iddomain`),
  KEY `FK_soal_2` (`idskl`),
  CONSTRAINT `FK_soal_1` FOREIGN KEY (`iddomain`) REFERENCES `domain` (`iddomain`) ON DELETE CASCADE ON UPDATE CASCADE,
  CONSTRAINT `FK_soal_2` FOREIGN KEY (`idskl`) REFERENCES `skl` (`idskl`) ON DELETE CASCADE ON UPDATE CASCADE
) ENGINE=InnoDB AUTO_INCREMENT=506 DEFAULT CHARSET=latin1 COLLATE=latin1_general_ci;

--
-- Dumping data for table `soal`
--

/*!40000 ALTER TABLE `soal` DISABLE KEYS */;
INSERT INTO `soal` (`idsoal`,`iddomain`,`soal`,`gambar`,`jawaban`,`lg1_b`,`lg2_a`,`lg2_b`,`lg3_a`,`lg3_b`,`lg3_c`,`rasch_b`,`idskl`) VALUES 
 (9,10,'','2MAT2_2010.GIF','C',0,0,0,0,0,0,-2.823,7),
 (13,10,'','3MAT1_2010.jpg','C',0,0,0,0,0,0,-0.063,7),
 (14,10,'','10MAT2_2010R.JPG','B',0,0,0,0,0,0,0.044,9),
 (15,10,'','11MAT2_2010.GIF','D',0,0,0,0,0,0,-0.647,9),
 (16,10,'','12MAT3_2010.jpg','C',0,0,0,0,0,0,3.736,9),
 (17,10,'','13MAT2_2010.GIF','A',0,0,0,0,0,0,-1.117,9),
 (27,10,'','10MAT1_2010R.JPG','B',0,0,0,0,0,0,0.485,9),
 (33,10,'','5MAT1_2010.jpg','D',0,0,0,0,0,0,-2.474,7),
 (49,1,'','Bahasa Indonesia1.JPG','D',0,0,0,0,0,0,-3.123,12),
 (50,1,'','Bahasa Indonesia2.JPG','A',0,0,0,0,0,0,-3.987,12),
 (51,1,'','soal3.JPG','D',0,0,0,0,0,0,-1.098,12),
 (52,1,'','soal4.JPG','D',0,0,0,0,0,0,0.001,12),
 (53,1,'','soal5.JPG','C',0,0,0,0,0,0,1.103,12),
 (54,1,'','soal6.JPG','A',0,0,0,0,0,0,3.569,12),
 (56,1,'','soal8.JPG','D',0,0,0,0,0,0,3.109,12),
 (57,1,'','soal9.JPG','A',0,0,0,0,0,0,2.985,12),
 (58,1,'','soal10.JPG','A',0,0,0,0,0,0,2.201,12),
 (59,1,'','soal11.JPG','D',0,0,0,0,0,0,2.109,12),
 (60,1,'','soal12.JPG','C',0,0,0,0,0,0,1.236,12),
 (61,1,'','soal13.JPG','B',0,0,0,0,0,0,0.009,12),
 (62,1,'','soal14.JPG','C',0,0,0,0,0,0,-1.065,12),
 (63,1,'','soal15.JPG','D',0,0,0,0,0,0,-1.907,12),
 (64,1,'','soal16.JPG','A',0,0,0,0,0,0,-2.539,12),
 (65,1,'','soal17.JPG','C',0,0,0,0,0,0,-3.864,1),
 (66,1,'','soal18.JPG','C',0,0,0,0,0,0,2.098,1),
 (67,1,'','soal19.JPG','D',0,0,0,0,0,0,0.198,1),
 (68,1,'','soal20.JPG','A',0,0,0,0,0,0,1.009,1),
 (69,1,'','soal21.JPG','A',0,0,0,0,0,0,-1.009,1),
 (70,1,'','soal22.JPG','D',0,0,0,0,0,0,2.902,1),
 (71,1,'','soal24.JPG','A',0,0,0,0,0,0,2.198,1),
 (72,1,'','soal24.JPG','C',0,0,0,0,0,0,2.543,1),
 (73,1,'','soal26.JPG','B',0,0,0,0,0,0,2.932,1),
 (74,1,'','soal27.JPG','B',0,0,0,0,0,0,-2.389,1),
 (75,1,'','soal28.JPG','B',0,0,0,0,0,0,0.987,1),
 (76,1,'','soal29.JPG','B',0,0,0,0,0,0,-3.546,1),
 (77,1,'','soal30.JPG','C',0,0,0,0,0,0,1.368,12),
 (78,1,'','soal31.JPG','A',0,0,0,0,0,0,2.956,1),
 (79,1,'','soal32.JPG','B',0,0,0,0,0,0,2.198,1),
 (80,1,'','soal33.JPG','C',0,0,0,0,0,0,0.986,1),
 (81,1,'','soal34.JPG','C',0,0,0,0,0,0,1.098,1),
 (82,1,'','soal35.JPG','B',0,0,0,0,0,0,1.765,1),
 (83,1,'','soal36.JPG','A',0,0,0,0,0,0,-1.269,1),
 (84,1,'','soal37.JPG','A',0,0,0,0,0,0,0.087,1),
 (85,1,'','soal38.JPG','B',0,0,0,0,0,0,0.764,12),
 (86,1,'','soal39.JPG','C',0,0,0,0,0,0,2.654,12),
 (87,1,'','soal40.JPG','A',0,0,0,0,0,0,1.321,12),
 (136,11,'','IPA2.JPG','B',0,0,0,0,0,0,-2.456,5),
 (137,11,'','IPA3.JPG','C',0,0,0,0,0,0,1.546,5),
 (138,11,'','IPA4.JPG','A',0,0,0,0,0,0,-2.986,6),
 (139,11,'','IPA5.JPG','B',0,0,0,0,0,0,-1.543,6),
 (140,11,'','IPA6.JPG','A',0,0,0,0,0,0,1.942,16),
 (141,11,'','IPA7.JPG','B',0,0,0,0,0,0,2.087,5),
 (142,11,'','IPA8.JPG','D',0,0,0,0,0,0,1.349,5),
 (143,11,'','IPA9.JPG','C',0,0,0,0,0,0,2.378,5),
 (144,11,'','IPA10.JPG','A',0,0,0,0,0,0,0.024,6),
 (145,11,'','IPA11.JPG','B',0,0,0,0,0,0,1.675,6),
 (147,11,'','IPA13.JPG','C',0,0,0,0,0,0,0.209,15),
 (148,11,'','IPA14.JPG','C',0,0,0,0,0,0,2.197,15),
 (149,11,'','IPA18.JPG','B',0,0,0,0,0,0,1.965,6),
 (150,11,'','IPA19.JPG','D',0,0,0,0,0,0,0.569,15),
 (151,11,'','IPA20.JPG','B',0,0,0,0,0,0,-1.589,15),
 (152,11,'','IPA21.JPG','B',0,0,0,0,0,0,1.683,16),
 (153,11,'','IPA22.JPG','B',0,0,0,0,0,0,0.268,16),
 (154,11,'','IPA23.JPG','B',0,0,0,0,0,0,1.936,16),
 (155,11,'','IPA24.JPG','A',0,0,0,0,0,0,2.589,16),
 (157,11,'','soal26.JPG','B',0,0,0,0,0,0,3.579,16),
 (158,11,'','IPA28.JPG','B',0,0,0,0,0,0,2.369,16),
 (159,11,'','IPA29.JPG','B',0,0,0,0,0,0,2.571,16),
 (160,11,'','IPA30.JPG','C',0,0,0,0,0,0,0.597,16),
 (161,11,'','IPA31.JPG','B',0,0,0,0,0,0,2.691,16),
 (162,11,'','IPA33.JPG','A',0,0,0,0,0,0,-0.583,16),
 (163,11,'','IPA34.JPG','A',0,0,0,0,0,0,-1.935,6),
 (164,11,'','IPA35.JPG','B',0,0,0,0,0,0,-2.681,16),
 (165,11,'','IPA36.JPG','D',0,0,0,0,0,0,1.692,1),
 (166,11,'','IPA37.JPG','A',0,0,0,0,0,0,1.243,16),
 (167,10,'','1MAT1_2010.jpg','C',0,0,0,0,0,0,-1.2,7),
 (168,10,'','2MAT1_2010.jpg','D',0,0,0,0,0,0,-2.098,7),
 (170,10,'','4MAT1_2010.jpg','A',0,0,0,0,0,0,0.54,7),
 (172,10,'','6MAT1_2010.jpg','A',0,0,0,0,0,0,-2.186,7),
 (173,10,'','8MAT1_2010.jpg','C',0,0,0,0,0,0,-1.514,7),
 (174,10,'','9MAT1_2010.jpg','B',0,0,0,0,0,0,-0.728,7),
 (175,10,'','25MAT1_2010.jpg','C',0,0,0,0,0,0,-0.078,8),
 (176,10,'','26MAT1_2010.jpg','A',0,0,0,0,0,0,0.657,8),
 (178,10,'','28MAT1_2010.jpg','B',0,0,0,0,0,0,-0.809,8),
 (180,10,'','29MAT1_2010.jpg','C',0,0,0,0,0,0,-2.623,8),
 (183,10,'','37MAT1_2010.jpg','B',0,0,0,0,0,0,-0.531,11),
 (187,10,'','16MAT2_2010.JPG','B',0,0,0,0,0,0,-0.024,9),
 (188,10,'','19MAT1_2010.jpg','B',0,0,0,0,0,0,2.819,9),
 (189,10,'','20MAT1_2010.jpg','A',0,0,0,0,0,0,3.671,9),
 (190,10,'','21MAT1_2010.jpg','C',0,0,0,0,0,0,-1.356,9),
 (191,10,'','22MAT1_2010R.JPG','D',0,0,0,0,0,0,2.812,9),
 (192,10,'','23MAT1_2010.jpg','A',0,0,0,0,0,0,3.689,9),
 (193,10,'','24MAT1_2010.jpg','D',0,0,0,0,0,0,1.316,9),
 (196,10,'','40MAT1_2010.jpg','C',0,0,0,0,0,0,-0.507,11),
 (197,10,'','14MAT2_2010.JPG','A',0,0,0,0,0,0,-0.018,9),
 (198,10,'','15MAT2_2010R.JPG','C',0,0,0,0,0,0,0.941,9),
 (200,10,'','17MAT2_2010.JPG','B',0,0,0,0,0,0,-1.234,9),
 (201,10,'','18MAT2_2010.JPG','D',0,0,0,0,0,0,-0.102,9),
 (202,10,'','19MAT2_2010.JPG','C',0,0,0,0,0,0,-1.095,9),
 (203,10,'','20MAT2_2010.JPG','B',0,0,0,0,0,0,-0.008,9),
 (205,10,'','22MAT2_2010.JPG','D',0,0,0,0,0,0,0.747,9),
 (206,10,'','23MAT2_2010.JPG','B',0,0,0,0,0,0,0.266,7),
 (207,10,'','24MAT2_2010.JPG','B',0,0,0,0,0,0,-0.566,9),
 (208,10,'','25MAT2_2010.JPG','D',0,0,0,0,0,0,-0.146,8),
 (209,10,'','26MAT2_2010.JPG','A',0,0,0,0,0,0,1.153,8),
 (210,10,'','27MAT3_2010.jpg','C',0,0,0,0,0,0,1.286,8),
 (211,10,'','28MAT2_2010.JPG','C',0,0,0,0,0,0,1.091,8),
 (213,10,'','30MAT1_2010.jpg','A',0,0,0,0,0,0,0.053,8),
 (214,10,'','31MAT2_2010.JPG','B',0,0,0,0,0,0,-0.952,8),
 (215,10,'','32MAT1_2010.jpg','C',0,0,0,0,0,0,-0.259,8),
 (216,10,'','33MAT2_2010.JPG','C',0,0,0,0,0,0,-0.271,8),
 (217,10,'','34MAT2_2010.JPG','B',0,0,0,0,0,0,-1.1,8),
 (218,10,'','35MAT2_2010.JPG','D',0,0,0,0,0,0,-0.574,8),
 (220,10,'','37MAT2_2010.JPG','C',0,0,0,0,0,0,-0.174,11),
 (221,10,'','38MAT2_2010R.JPG','B',0,0,0,0,0,0,-1.672,11),
 (222,10,'','39MAT1_2010.jpg','C',0,0,0,0,0,0,0.586,11),
 (223,10,'','40MAT2_2010.JPG','B',0,0,0,0,0,0,0.756,11),
 (224,10,'','1MAT3_2010.jpg','C',0,0,0,0,0,0,-2.888,7),
 (226,10,'','4MAT3_2010.jpg','D',0,0,0,0,0,0,-1.51,7),
 (227,10,'','5MAT3_2010.jpg','D',0,0,0,0,0,0,0.536,7),
 (228,10,'','6MAT3_2010.jpg','A',0,0,0,0,0,0,0.428,7),
 (229,10,'','7MAT3_2010.jpg','B',0,0,0,0,0,0,-1.51,7),
 (230,10,'','8MAT3_2010.jpg','D',0,0,0,0,0,0,-1.493,7),
 (231,10,'','9MAT3_2010.jpg','B',0,0,0,0,0,0,1.955,9),
 (232,10,'','10MAT3_2010.jpg','C',0,0,0,0,0,0,1.635,9),
 (233,10,'','11MAT3_2010.jpg','A',0,0,0,0,0,0,0.942,9),
 (235,10,'','13MAT3_2010.jpg','B',0,0,0,0,0,0,-1.897,9),
 (236,10,'','14MAT3_2010.jpg','A',0,0,0,0,0,0,-1.817,9),
 (237,10,'','15MAT3_2010.jpg','B',0,0,0,0,0,0,1.796,9),
 (238,10,'','18MAT3_2010.jpg','A',0,0,0,0,0,0,0.675,9),
 (239,10,'','19MAT3_2010.jpg','B',0,0,0,0,0,0,-1.442,9),
 (240,10,'','20MAT3_2010.jpg','A',0,0,0,0,0,0,-2.589,9),
 (241,10,'','22MAT3_2010.jpg','B',0,0,0,0,0,0,-1.16,9),
 (242,10,'','23MAT3_2010.jpg','A',0,0,0,0,0,0,1.196,9),
 (243,10,'','24MAT3_2010.jpg','C',0,0,0,0,0,0,1.221,9),
 (244,10,'','25MAT3_2010.jpg','B',0,0,0,0,0,0,1.202,8),
 (245,10,'','26MAT3_2010.jpg','D',0,0,0,0,0,0,-2.182,8),
 (246,10,'','28MAT3_2010.jpg','B',0,0,0,0,0,0,0.92,8),
 (247,10,'','29MAT3_2010.jpg','C',0,0,0,0,0,0,0.278,8),
 (248,10,'','31MAT3_2010.jpg','D',0,0,0,0,0,0,1.805,8),
 (249,10,'','33MAT3_2010.jpg','B',0,0,0,0,0,0,0.264,8),
 (250,10,'','34MAT3_2010.jpg','D',0,0,0,0,0,0,1.772,8),
 (251,10,'','35MAT3_2010.jpg','C',0,0,0,0,0,0,1.866,8),
 (252,10,'','37MAT3_2010.jpg','D',0,0,0,0,0,0,0.994,11),
 (253,10,'','40MAT3_2010.jpg','C',0,0,0,0,0,0,0.476,11),
 (254,10,'','1Mat2_2009.PNG','C',0,0,0,0,0,0,-2.179,7),
 (255,10,'','2Mat2_2009.PNG','D',0,0,0,0,0,0,-1.128,7),
 (256,10,'','3Mat2_2009.PNG','A',0,0,0,0,0,0,0.965,7),
 (257,10,'','4Mat2_2009.PNG','B',0,0,0,0,0,0,-0.668,7),
 (258,10,'','5Mat2_2009.PNG','A',0,0,0,0,0,0,-1.349,7),
 (259,10,'','6MAT2_2010.JPG','A',0,0,0,0,0,0,-1.357,7),
 (260,10,'','7MAT2_2010.JPG','B',0,0,0,0,0,0,-0.94,7),
 (261,10,'','8Mat3_2009.JPG','D',0,0,0,0,0,0,1.391,7),
 (262,10,'','9MAT2_2010.JPG','A',0,0,0,0,0,0,1.168,9),
 (263,10,'','10MAT2_2010R.JPG','B',0,0,0,0,0,0,0.044,9),
 (264,10,'','12Mat2_2009.PNG','B',0,0,0,0,0,0,2.141,9),
 (265,10,'','11Mat2_2009.PNG','A',0,0,0,0,0,0,-0.703,9),
 (266,10,'','13Mat2_2009.PNG','B',0,0,0,0,0,0,-1.564,9),
 (269,10,'','16Mat2_2009.PNG','A',0,0,0,0,0,0,0.027,9),
 (270,10,'','17Mat2_2009.PNG','B',0,0,0,0,0,0,-1.267,7),
 (271,10,'','18Mat2_2009.PNG','D',0,0,0,0,0,0,-0.632,9),
 (272,10,'','19Mat2_2009R.PNG','C',0,0,0,0,0,0,-0.677,9),
 (273,10,'','20Mat2_2009R.PNG','A',0,0,0,0,0,0,0.808,9),
 (274,10,'','21Mat2_2009R.PNG','C',0,0,0,0,0,0,-0.302,9),
 (275,10,'','22Mat2_2009.PNG','B',0,0,0,0,0,0,0.463,9),
 (276,10,'','23Mat2_2009R.PNG','D',0,0,0,0,0,0,-0.26,9),
 (278,10,'','28Mat2_2009.PNG','A',0,0,0,0,0,0,0.216,8),
 (279,10,'','29Mat2_2009.PNG','D',0,0,0,0,0,0,-0.828,8),
 (280,10,'','30Mat2_2009.PNG','C',0,0,0,0,0,0,2.268,8),
 (282,10,'','32Mat2_2009.PNG','A',0,0,0,0,0,0,0.91,8),
 (284,10,'','34Mat2_2009.PNG','B',0,0,0,0,0,0,-0.09,8),
 (285,10,'','35Mat2_2009.PNG','C',0,0,0,0,0,0,-0.355,8),
 (288,10,'','38Mat2_2009.PNG','A',0,0,0,0,0,0,1.379,11),
 (289,10,'','39Mat2_2009.PNG','C',0,0,0,0,0,0,-0.312,11),
 (291,10,'','4MAT2_2010.JPG','A',0,0,0,0,0,0,0.823,7),
 (292,10,'','5MAT2_2010.JPG','A',0,0,0,0,0,0,-2.801,7),
 (293,10,'','6MAT2_2010.JPG','A',0,0,0,0,0,0,-1.357,7),
 (294,10,'','7MAT2_2010.JPG','B',0,0,0,0,0,0,-0.94,7),
 (295,10,'','8MAT2_2010.JPG','A',0,0,0,0,0,0,0.136,7),
 (296,10,'','9MAT2_2010.JPG','A',0,0,0,0,0,0,1.168,9),
 (297,10,'','7MAT1_2010.jpg','D',0,0,0,0,0,0,-1.956,7),
 (298,10,'','31MAT1_2010.jpg','D',0,0,0,0,0,0,1.022,8),
 (299,10,'','33MAT1_2010.jpg','B',0,0,0,0,0,0,-1.135,8),
 (300,10,'','34MAT1_2010.jpg','A',0,0,0,0,0,0,-0.544,8),
 (301,10,'','35MAT1_2010.jpg','D',0,0,0,0,0,0,0.727,8),
 (302,10,'','29MAT2_2010.JPG','C',0,0,0,0,0,0,-1.351,8),
 (303,10,'','17MAT3_2010.jpg','B',0,0,0,0,0,0,-1.862,7),
 (306,10,'','1MAT2_2010.GIF','D',0,0,0,0,0,0,-2.864,7),
 (307,10,'','2MAT3_2010.jpg','C',0,0,0,0,0,0,-1.205,7),
 (308,10,'','11MAT1_2010.jpg','A',0,0,0,0,0,0,-2.301,7),
 (309,10,'','13MAT1_2010.jpg','A',0,0,0,0,0,0,-1.353,7),
 (310,10,'','14MAT1_2010.jpg','A',0,0,0,0,0,0,-0.974,7),
 (311,10,'','15MAT1_2010R.JPG','B',0,0,0,0,0,0,0.747,7),
 (312,10,'','17MAT1_2010.jpg','C',0,0,0,0,0,0,-0.865,7),
 (313,10,'','18MAT1_2010.jpg','A',0,0,0,0,0,0,-0.724,9),
 (314,10,'','1Mat1_2008.JPG','C',0,0,0,0,0,0,-1.032,7),
 (315,10,'','2Mat1_2008.JPG','C',0,0,0,0,0,0,-0.132,7),
 (316,10,'','3Mat1_2008.JPG','C',0,0,0,0,0,0,2.235,7),
 (317,10,'','4Mat1_2008.JPG','A',0,0,0,0,0,0,1.532,7),
 (318,10,'','5Mat1_2008.JPG','C',0,0,0,0,0,0,1.065,7),
 (319,10,'','6Mat1_2008.JPG','C',0,0,0,0,0,0,3.231,7),
 (320,10,'','7Mat1_2008.JPG','C',0,0,0,0,0,0,0.237,7),
 (322,10,'','9Mat1_2008.JPG','C',0,0,0,0,0,0,3.321,7),
 (323,10,'','10Mat1_2008.JPG','B',0,0,0,0,0,0,0.036,7),
 (324,10,'','8Mat1_2008.JPG','B',0,0,0,0,0,0,2.311,7),
 (325,10,'','11Mat1_2008.JPG','C',0,0,0,0,0,0,1.432,7),
 (326,10,'','12Mat1_2008.JPG','D',0,0,0,0,0,0,3.703,7),
 (327,10,'','13Mat1_2008.JPG','D',0,0,0,0,0,0,3.121,7),
 (328,10,'','14Mat1_2008.JPG','D',0,0,0,0,0,0,3.821,7),
 (329,10,'','15Mat1_2008.JPG','D',0,0,0,0,0,0,2.912,7),
 (330,10,'','16Mat1_2008.JPG','A',0,0,0,0,0,0,3.012,9),
 (331,10,'','17Mat1_2008.JPG','A',0,0,0,0,0,0,1.325,9),
 (332,10,'','18Mat1_2008.JPG','C',0,0,0,0,0,0,3.328,9),
 (333,10,'','19Mat1_2008.JPG','B',0,0,0,0,0,0,2.321,9),
 (334,10,'','20Mat1_2008.JPG','B',0,0,0,0,0,0,3.143,9),
 (335,10,'','21Mat1_2008.JPG','A',0,0,0,0,0,0,-1.043,8),
 (336,10,'','22Mat1_2008.JPG','A',0,0,0,0,0,0,-2.103,8),
 (337,10,'','23Mat1_2008.JPG','D',0,0,0,0,0,0,-1.324,8),
 (338,10,'','24Mat1_2008.JPG','D',0,0,0,0,0,0,2.092,8),
 (339,10,'','25Mat1_2008.JPG','A',0,0,0,0,0,0,-2.21,8),
 (340,10,'','26Mat1_2008.JPG','D',0,0,0,0,0,0,2.203,8),
 (341,10,'','27Mat1_2008.JPG','D',0,0,0,0,0,0,2.435,8),
 (342,10,'','28Mat1_2008.JPG','C',0,0,0,0,0,0,2.031,8),
 (343,10,'','29Mat1_2008.JPG','B',0,0,0,0,0,0,3.101,8),
 (344,10,'','30Mat1_2008.JPG','A',0,0,0,0,0,0,2.012,8),
 (345,10,'','31Mat1_2008.JPG','B',0,0,0,0,0,0,3.912,8),
 (346,10,'','32Mat1_2008.JPG','C',0,0,0,0,0,0,2.721,8),
 (347,10,'','33Mat1_2008.JPG','C',0,0,0,0,0,0,3.943,8),
 (348,10,'','34Mat1_2008.JPG','D',0,0,0,0,0,0,-1.201,8),
 (349,10,'','35Mat1_2008.JPG','C',0,0,0,0,0,0,2.043,8),
 (350,10,'','36Mat1_2008.JPG','A',0,0,0,0,0,0,-1.032,11),
 (351,10,'','37Mat1_2008.JPG','A',0,0,0,0,0,0,1.043,11),
 (352,10,'','38Mat1_2008.JPG','C',0,0,0,0,0,0,2.054,8),
 (353,10,'','39Mat1_2008.JPG','C',0,0,0,0,0,0,3.109,11),
 (354,10,'','40Mat1_2008.JPG','B',0,0,0,0,0,0,-1.054,11),
 (355,10,'','1MAT1_2009.gif','B',0,0,0,0,0,0,-3.107,7),
 (356,10,'','2MAT1_2009.gif','D',0,0,0,0,0,0,1.873,7),
 (357,10,'','3MAT1_2009.gif','B',0,0,0,0,0,0,1.212,7),
 (358,10,'','4MAT1_2009.gif','B',0,0,0,0,0,0,1.536,7),
 (359,10,'','5MAT1_2009.gif','B',0,0,0,0,0,0,-2.567,7),
 (360,10,'','6MAT1_2009.gif','D',0,0,0,0,0,0,0.309,7),
 (361,10,'','7MAT1_2009.gif','D',0,0,0,0,0,0,-3.621,7),
 (362,10,'','9MAT1_2009.gif','B',0,0,0,0,0,0,1.301,7),
 (363,10,'','10MAT1_2009.gif','D',0,0,0,0,0,0,1.021,7),
 (364,10,'','11MAT1_2009.gif','B',0,0,0,0,0,0,-1.345,7),
 (365,10,'','12MAT1_2009.jpg','C',0,0,0,0,0,0,3.821,7),
 (366,10,'','13MAT1_2009.jpg','A',0,0,0,0,0,0,0.329,7),
 (367,10,'','14MAT1_2009.jpg','D',0,0,0,0,0,0,2.923,7),
 (368,10,'','16MAT1_2009.jpg','C',0,0,0,0,0,0,2.409,7),
 (369,10,'','17MAT1_2009.jpg','C',0,0,0,0,0,0,0.352,7),
 (370,10,'','18MAT1_2009.jpg','D',0,0,0,0,0,0,2.156,7),
 (371,10,'','19MAT1_2009.jpg','B',0,0,0,0,0,0,1.436,9),
 (372,10,'','20MAT1_2009.jpg','D',0,0,0,0,0,0,1.093,9),
 (373,10,'','21MAT1_2009.jpg','D',0,0,0,0,0,0,2.109,9),
 (374,10,'','22MAT1_2009.jpg','B',0,0,0,0,0,0,1.903,9),
 (375,10,'','25MAT1_2009.jpg','D',0,0,0,0,0,0,-2.324,8),
 (376,10,'','26MAT1_2009.jpg','D',0,0,0,0,0,0,1.345,8),
 (377,10,'','27MAT1_2009.jpg','B',0,0,0,0,0,0,-2.392,8),
 (378,10,'','28MAT1_2009.jpg','C',0,0,0,0,0,0,-3.329,8),
 (379,10,'','29MAT1_2009.jpg','B',0,0,0,0,0,0,1.943,8),
 (380,10,'','30MAT1_2009.jpg','B',0,0,0,0,0,0,2.019,8),
 (381,10,'','31MAT1_2009.jpg','B',0,0,0,0,0,0,2.102,8),
 (382,10,'','32MAT1_2009.jpg','B',0,0,0,0,0,0,3.091,8),
 (383,10,'','34MAT1_2009.jpg','C',0,0,0,0,0,0,2.109,8),
 (384,10,'','35MAT1_2009.jpg','C',0,0,0,0,0,0,1.092,8),
 (385,10,'','36MAT1_2009.jpg','A',0,0,0,0,0,0,1.907,8),
 (386,10,'','38MAT1_2009.jpg','A',0,0,0,0,0,0,1.943,11),
 (387,10,'','39MAT1_2009.jpg','A',0,0,0,0,0,0,3.491,11),
 (388,10,'','1Mat3_2009.JPG','B',0,0,0,0,0,0,-3.215,7),
 (389,10,'','2Mat3_2009.JPG','A',0,0,0,0,0,0,0.789,7),
 (390,10,'','3Mat3_2009.JPG','B',0,0,0,0,0,0,2.032,7),
 (391,10,'','4Mat3_2009.JPG','D',0,0,0,0,0,0,1.905,7),
 (392,10,'','5Mat3_2009.JPG','C',0,0,0,0,0,0,2.081,7),
 (393,10,'','6Mat3_2009.JPG','A',0,0,0,0,0,0,0.213,7),
 (394,10,'','7Mat3_2009.JPG','D',0,0,0,0,0,0,-0.109,7),
 (395,10,'','10Mat3_2009.JPG','D',0,0,0,0,0,0,1.391,7),
 (396,10,'','9Mat3_2009.JPG','C',0,0,0,0,0,0,2.091,7),
 (397,10,'','10Mat3_2009.JPG','D',0,0,0,0,0,0,3.091,7),
 (398,10,'','11Mat3_2009.JPG','C',0,0,0,0,0,0,2.991,7),
 (399,10,'','12Mat3_2009.JPG','D',0,0,0,0,0,0,2.322,7),
 (400,10,'','13Mat3_2009.JPG','B',0,0,0,0,0,0,0.237,7),
 (401,10,'','15Mat3_2009.JPG','B',0,0,0,0,0,0,2.091,7),
 (402,10,'','16Mat3_2009.JPG','B',0,0,0,0,0,0,2.61,7),
 (403,10,'','17Mat3_2009.JPG','D',0,0,0,0,0,0,1.391,7),
 (404,10,'','18Mat3_2009.JPG','B',0,0,0,0,0,0,1.135,7),
 (405,10,'','19Mat3_2009.JPG','D',0,0,0,0,0,0,2.909,9),
 (406,10,'','20Mat3_2009.JPG','D',0,0,0,0,0,0,-1.302,9),
 (407,10,'','21Mat3_2009.JPG','B',0,0,0,0,0,0,-2.091,9),
 (408,10,'','22Mat3_2009.JPG','A',0,0,0,0,0,0,-1.091,9),
 (409,10,'','24Mat3_2009.JPG','D',0,0,0,0,0,0,1.607,9),
 (410,10,'','26Mat3_2009.JPG','A',0,0,0,0,0,0,0.231,8),
 (411,10,'','27Mat3_2009.JPG','D',0,0,0,0,0,0,-3.291,8),
 (412,10,'','28Mat3_2009.JPG','A',0,0,0,0,0,0,1.091,8),
 (413,10,'','29Mat3_2009.JPG','C',0,0,0,0,0,0,2.091,8),
 (414,10,'','30Mat3_2009.JPG','C',0,0,0,0,0,0,1.019,8),
 (415,10,'','32Mat3_2009.JPG','C',0,0,0,0,0,0,2.091,8),
 (416,10,'','33Mat3_2009.JPG','A',0,0,0,0,0,0,3.091,8),
 (417,10,'','34Mat3_2009.JPG','D',0,0,0,0,0,0,2.091,8),
 (418,10,'','35Mat3_2009.JPG','C',0,0,0,0,0,0,2.301,8),
 (419,10,'','36Mat3_2009.JPG','C',0,0,0,0,0,0,1.209,8),
 (420,10,'','37Mat3_2009.JPG','A',0,0,0,0,0,0,2.911,11),
 (421,10,'','38Mat3_2009.JPG','A',0,0,0,0,0,0,-1.231,11),
 (422,10,'','39Mat3_2009.JPG','B',0,0,0,0,0,0,-1.329,11),
 (423,10,'','40Mat3_2009.JPG','A',0,0,0,0,0,0,3.091,11),
 (424,10,'','36MAT1_2010.jpg','B',0,0,0,0,0,0,-1.514,8),
 (425,11,'','1!PA3_2009.bmp','B',0,0,0,0,0,0,0.397,6),
 (426,11,'','2IPA3_2009.bmp','C',0,0,0,0,0,0,2.137,5),
 (427,11,'','3IPA3_2009.bmp','B',0,0,0,0,0,0,-1.903,5),
 (428,11,'','4IPA3_2009.bmp','A',0,0,0,0,0,0,-1.379,6),
 (429,11,'','5IPA3_2009.bmp','C',0,0,0,0,0,0,-3.018,6),
 (430,11,'','6!PA3_2009.bmp','A',0,0,0,0,0,0,0.091,5),
 (431,11,'','7IPA3_2009.bmp','D',0,0,0,0,0,0,1.374,6),
 (432,11,'','8IPA3_2009.bmp','A',0,0,0,0,0,0,1.893,5),
 (433,11,'','9IPA3_2009.bmp','C',0,0,0,0,0,0,2.132,5),
 (434,11,'','10IPA3_2009.bmp','C',0,0,0,0,0,0,1.573,5),
 (435,11,'','11IPA3_2009.bmp','D',0,0,0,0,0,0,3.714,6),
 (436,11,'','12IPA3_2009.bmp','D',0,0,0,0,0,0,1.632,5),
 (437,11,'','13IPA3_2009.bmp','B',0,0,0,0,0,0,2.732,15),
 (438,11,'','14IPA3_2009.bmp','A',0,0,0,0,0,0,3.471,15),
 (439,11,'','15IPA3_2009.bmp','C',0,0,0,0,0,0,0.317,15),
 (440,11,'','16IPA3_2009.bmp','D',0,0,0,0,0,0,2.926,15),
 (441,11,'','17IPA3_2009.bmp','A',0,0,0,0,0,0,-1.428,15),
 (442,11,'','18IPA3_2009.bmp','D',0,0,0,0,0,0,0.602,6),
 (443,11,'','19IPA3_2009.bmp','B',0,0,0,0,0,0,-2.082,15),
 (444,11,'','20IPA3_2009.bmp','C',0,0,0,0,0,0,-3.187,15),
 (445,11,'','21IPA3_2009.bmp','C',0,0,0,0,0,0,0.032,16),
 (446,11,'','22IPA3_2009.bmp','D',0,0,0,0,0,0,1.278,16),
 (447,11,'','23IPA3_2009.bmp','A',0,0,0,0,0,0,2.378,16),
 (448,11,'','24IPA3_2009.bmp','A',0,0,0,0,0,0,3.871,16),
 (449,11,'','25IPA3_2009.bmp','A',0,0,0,0,0,0,-2.478,16),
 (450,11,'','26IPA3_2009.bmp','A',0,0,0,0,0,0,0.931,16),
 (451,11,'','27IPA3_2009.bmp','C',0,0,0,0,0,0,1.631,16),
 (452,11,'','28IPA3_2009.bmp','A',-1.783,0,0,0,0,0,0.094,16),
 (453,11,'','29IPA3_2009.bmp','D',0,0,0,0,0,0,2.063,16),
 (454,11,'','30IPA3_2009.bmp','C',0,0,0,0,0,0,1.639,16),
 (455,11,'','31IPA3_2009.bmp','A',0,0,0,0,0,0,-1.945,16),
 (456,11,'','32IPA3_2009.bmp','B',0,0,0,0,0,0,0.962,16),
 (457,11,'','33IPA3_2009.bmp','C',0,0,0,0,0,0,-0.451,16),
 (458,11,'','34IPA3_2009.bmp','B',0,0,0,0,0,0,-3.671,16),
 (459,11,'','36IPA3_2009.bmp','B',0,0,0,0,0,0,2.106,6),
 (460,11,'','37IPA3_2009.bmp','D',0,0,0,0,0,0,2.891,16),
 (461,11,'','38IPA3_2009.bmp','C',0,0,0,0,0,0,1.709,16),
 (462,11,'','39IPA3_2009.bmp','C',0,0,0,0,0,0,1.527,16),
 (463,11,'','40IPA3_2009.bmp','D',0,0,0,0,0,0,3.173,16),
 (464,11,'','1IPA2_2009.bmp','B',0,0,0,0,0,0,-1.056,5),
 (465,11,'','2IPA2_2009.bmp','C',0,0,0,0,0,0,2.361,5),
 (466,11,'','3IPA2_2009.bmp','B',0,0,0,0,0,0,-1.754,5),
 (467,11,'','4IPA2_2009.bmp','D',0,0,0,0,0,0,-3.256,5),
 (468,11,'','5IPA2_2009.bmp','A',0,0,0,0,0,0,-0.482,5),
 (469,11,'','6IPA2_2009.bmp','B',0,0,0,0,0,0,0.978,5),
 (470,11,'','7IPA2_2009.bmp','B',0,0,0,0,0,0,1.842,5),
 (471,11,'','8IPA2_2009.bmp','B',0,0,0,0,0,0,-1.691,5),
 (472,11,'','9IPA2_2009.bmp','C',0,0,0,0,0,0,-0.537,5),
 (473,11,'','11IPA2_2009.bmp','D',0,0,0,0,0,0,1.758,5),
 (474,11,'','12IPA2_2009.bmp','B',0,0,0,0,0,0,2.672,15),
 (475,11,'','13IPA2_2009.bmp','B',0,0,0,0,0,0,3.521,15),
 (476,11,'','14IPA2_2009.bmp','D',0,0,0,0,0,0,3.805,15),
 (477,11,'','15IPA2_2009.bmp','A',0,0,0,0,0,0,2.653,15),
 (478,11,'','16IPA2_2009.bmp','A',0,0,0,0,0,0,1.975,15),
 (479,11,'','16IPA2_2009.bmp','A',0,0,0,0,0,0,1.964,15),
 (480,11,'','17IPA2_2009.bmp','C',0,0,0,0,0,0,-2.358,6),
 (481,11,'','18IPA2_2009.bmp','D',0,0,0,0,0,0,1.087,6),
 (482,11,'','19IPA2_2009.bmp','C',0,0,0,0,0,0,0.915,15),
 (483,11,'','20IPA2_2009.bmp','B',0,0,0,0,0,0,0.578,16),
 (484,11,'','21IPA2_2009.bmp','A',0,0,0,0,0,0,-0.382,16),
 (485,11,'','22IPA2_2009.bmp','B',0,0,0,0,0,0,2.582,16),
 (486,11,'','23IPA2_2009.bmp','D',0,0,0,0,0,0,-1.843,16),
 (487,11,'','24IPA2_2009.bmp','D',0,0,0,0,0,0,-3.826,16),
 (488,11,'','25IPA2_2009.bmp','C',0,0,0,0,0,0,-2.891,16),
 (489,11,'','26IPA2_2009.bmp','B',0,0,0,0,0,0,2.681,16),
 (490,11,'','27IPA2_2009.bmp','A',0,0,0,0,0,0,0.689,16),
 (491,11,'','28IPA2_2009.bmp','D',0,0,0,0,0,0,1.592,16),
 (492,11,'','29IPA2_2009.bmp','B',0,0,0,0,0,0,-3.832,16),
 (493,11,'','30IPA2_2009.bmp','C',0,0,0,0,0,0,3.585,16),
 (494,11,'','31IPA2_2009.bmp','B',0,0,0,0,0,0,-1.572,16),
 (495,11,'','32IPA2_2009.bmp','B',0,0,0,0,0,0,2.682,16),
 (496,11,'','33IPA2_2009.bmp','B',0,0,0,0,0,0,-2.965,16),
 (497,11,'','34IPA2_2009.bmp','C',0,0,0,0,0,0,1.584,15),
 (498,11,'','35IPA2_2009.bmp','C',0,0,0,0,0,0,1.074,5),
 (499,11,'','36IPA2_2009.bmp','B',0,0,0,0,0,0,0.005,16),
 (500,11,'','37IPA2_2009.bmp','D',0,0,0,0,0,0,0.194,16),
 (501,11,'','38IPA2_2009.bmp','B',0,0,0,0,0,0,-0.003,16),
 (502,11,'','39IPA2_2009.bmp','B',0,0,0,0,0,0,0.106,16),
 (503,11,'','40IPA2_2009.bmp','B',0,0,0,0,0,0,0.039,16),
 (504,10,'','28Mat2_2009.PNG','D',0,0,0,0,0,0,3.313,8),
 (505,10,'','29Mat2_2009.PNG','D',0,0,0,0,0,0,0.051,9);
/*!40000 ALTER TABLE `soal` ENABLE KEYS */;


--
-- Definition of table `wali_peserta_test`
--

DROP TABLE IF EXISTS `wali_peserta_test`;
CREATE TABLE `wali_peserta_test` (
  `id` int(10) unsigned NOT NULL AUTO_INCREMENT,
  `username` varchar(45) NOT NULL,
  `password` varchar(45) NOT NULL,
  `peran` enum('Wali Peserta Test') NOT NULL DEFAULT 'Wali Peserta Test',
  `idpeserta_test` int(10) unsigned NOT NULL,
  PRIMARY KEY (`id`),
  KEY `FK_wali_murid_1` (`idpeserta_test`),
  CONSTRAINT `FK_wali_murid_1` FOREIGN KEY (`idpeserta_test`) REFERENCES `peserta_test` (`id`) ON DELETE CASCADE ON UPDATE CASCADE
) ENGINE=InnoDB AUTO_INCREMENT=5 DEFAULT CHARSET=latin1;

--
-- Dumping data for table `wali_peserta_test`
--

/*!40000 ALTER TABLE `wali_peserta_test` DISABLE KEYS */;
INSERT INTO `wali_peserta_test` (`id`,`username`,`password`,`peran`,`idpeserta_test`) VALUES 
 (3,'A. Jamaluddin','jamal','Wali Peserta Test',18),
 (4,'Abd. Rasyid','abdu','Wali Peserta Test',17);
/*!40000 ALTER TABLE `wali_peserta_test` ENABLE KEYS */;




/*!40101 SET SQL_MODE=@OLD_SQL_MODE */;
/*!40014 SET FOREIGN_KEY_CHECKS=@OLD_FOREIGN_KEY_CHECKS */;
/*!40014 SET UNIQUE_CHECKS=@OLD_UNIQUE_CHECKS */;
/*!40101 SET CHARACTER_SET_CLIENT=@OLD_CHARACTER_SET_CLIENT */;
/*!40101 SET CHARACTER_SET_RESULTS=@OLD_CHARACTER_SET_RESULTS */;
/*!40101 SET COLLATION_CONNECTION=@OLD_COLLATION_CONNECTION */;
/*!40101 SET CHARACTER_SET_CLIENT=@OLD_CHARACTER_SET_CLIENT */;
